pno,gender,pori,fors,Half,sdscore,f_r,f_rng,f_nsq,f_rng2,f_tpi,f_runs,f_coupon,f_asc,f_des,f_a,f_rf1,f_rf2,f_rf3,f_rf4,f_rf5,f_rf6,f_rf7,f_rf8,f_rf9,f_rf10,f_fodm9,f_fodm8,f_fodm7,f_fodm6,f_fodm5,f_fodm4,f_fodm3,f_fodm2,f_fodm1,f_fod0,f_fodp1,f_fodp2,f_fodp3,f_fodp4,f_fodp5,f_fodp6,f_fodp7,f_fodp8,f_fodp9,f_rd1,f_rd2,f_rd3,f_rd4,f_rd5,f_rd6,f_rd7,f_rd8,f_rd9,f_rd10,f_rd11,f_rd12,f_rd13,f_rd14,f_rd15,f_rd16,f_rd17,f_rd18,f_rd19,f_rd20,f_rd20pl,f_mnrg,f_medrg,f_morg,f_phi2,f_phi3,f_phi4,f_phi5,f_phi6,s_phi7,sr,srng,snsq,srng2,stpi,sruns,scoupon,sasc,sdes,sa,srf1,srf2,srf3,srf4,srf5,srf6,srf7,srf8,srf9,srf10,sfodm9,sfodm8,sfodm7,sfodm6,sfodm5,sfodm4,sfodm3,sfodm2,sfodm1,sfod0,sfodp1,sfodp2,sfodp3,sfodp4,sfodp5,sfodp6,sfodp7,sfodp8,sfodp9,srd1,srd2,srd3,srd4,srd5,srd6,srd7,srd8,srd9,srd10,srd11,srd12,srd13,srd14,srd15,srd16,srd17,srd18,srd19,srd20,srd20pl,smnrg,smedrg,smorg,sphi2,sphi3,sphi4,sphi5,sphi6,sphi7,in,ir,irng,insq,irng2,itpi,iruns,icoupon,iasc,ides,ia,irf1,irf2,irf3,irf4,irf5,irf6,irf7,irf8,irf9,irf10,ifodm9,ifodm8,ifodm7,ifodm6,ifodm5,ifodm4,ifodm3,ifodm2,ifodm1,ifod0,ifodp1,ifodp2,ifodp3,ifodp4,ifodp5,ifodp6,ifodp7,ifodp8,ifodp9,ird1,ird2,ird3,ird4,ird5,ird6,ird7,ird8,ird9,ird10,ird11,ird12,ird13,ird14,ird15,ird16,ird17,ird18,ird19,ird20,ird20pl,imnrg,imedrg,imorg,iphi2,iphi3,iphi4,iphi5,iphi6,iphi7,H1R,H1RNG,H1NSQ,H1RNG2,H1TPH1,H1RUNS,H1COUPON,H1ASC,H1DES,H1A,H1RF1,H1RF2,H1RF3,H1RF4,H1RF5,H1RF6,H1RF7,H1RF8,H1RF9,H1RF10,H1FODM9,H1FODM8,H1FODM7,H1FODM6,H1FODM5,H1FODM4,H1FODM3,H1FODM2,H1FODM1,H1FOD0,H1FODP1,H1FODP2,H1FODP3,H1FODP4,H1FODP5,H1FODP6,H1FODP7,H1FODP8,H1FODP9,H1RD1,H1RD2,H1RD3,H1RD4,H1RD5,H1RD6,H1RD7,H1RD8,H1RD9,H1RD10,H1RD11,H1RD12,H1RD13,H1RD14,H1RD15,H1RD16,H1RD17,H1RD18,H1RD19,H1RD20,H1RD20PL,H1MNRG,H1MEDRG,H1MORG,H1PHH12,H1PHH13,H1PHH14,H1PHH15,H1PHH16,H1PHH17,solorep
    2.00,1,2,2,1,12,1.1664,.2705,39.3939,.2679,87.2449,1.0588,26.33,10,12,22,6,13,11,10,8,12,13,8,11,8,1,1,3,4,4,5,9,12,12,0,10,14,5,8,4,3,1,1,3,0,1,1,7,13,12,9,9,4,8,3,2,4,3,1,1,4,2,1,0,5,9.49,8,5,-3.787218,-3.844913,-4.321584,-2.783629,-.488445,-.209453,.2135,.2727,40.404,.2562,107.1429,.68,14.83,7,4,11,10,9,12,9,10,11,9,10,11,9,0,3,6,3,5,10,11,7,4,0,7,9,11,4,6,8,3,0,3,0,0,0,2,8,8,6,17,11,9,6,6,1,8,4,1,1,0,1,0,1,9.67,9,8,-3.632915,-4.015107,-4.539797,-4.476729,-2.891262,-2.938124,100,1.8946,.2615,39.3939,.2682,91.8367,1.0417,22,12,10,22,8,11,8,13,7,13,14,7,13,6,0,4,1,3,8,9,4,9,10,0,12,11,6,10,4,5,2,1,1,0,1,8,8,12,10,8,3,4,5,10,2,1,2,4,2,3,2,1,0,4,9.27,7,5,-3.912326,-4.038304,-2.090552,-2.052681,-.325574,-.239703,1.3214,.2222,34.3434,.211,93.3673,1.0833,17.8,13,12,25,9,12,11,15,7,12,11,8,8,7,1,1,4,4,3,5,6,10,12,2,13,10,11,7,6,5,0,0,0,2,1,6,5,7,3,12,6,10,8,3,3,4,6,1,1,3,1,6,1,1,9.56,9,7,-3.109288,-3.843952,-2.395913,-2.779403,-2.130584,-3.700244,0
    3.00,1,2,2,2,12,.685,.2587,39.3939,.2243,78.0612,.4915,17.2,13,18,31,11,8,11,10,10,7,10,14,10,9,2,0,1,3,1,1,4,17,18,12,13,12,4,5,1,2,2,2,0,12,5,2,3,6,3,3,6,4,7,7,3,6,11,2,1,2,1,2,1,3,9.47,10,1,.664892,-2.025103,-2.510538,-2.445229,-1.594183,-2.891115,.8177,.2322,36.3636,.2203,82.6531,1,22.75,10,10,20,13,8,13,9,10,9,12,10,9,7,2,2,1,0,2,6,9,13,10,8,10,15,8,4,5,3,1,1,0,8,6,3,5,5,8,6,4,7,11,3,3,3,3,1,4,0,2,2,2,4,9.54,8.5,10,-.841438,-1.875068,-2.534727,-2.10859,-2.241547,-.999489,100,2.2473,.218,33.3333,.2239,99.4898,.7059,27.67,13,11,24,11,11,14,12,9,12,7,10,3,11,1,1,2,6,8,5,5,10,11,2,13,7,7,6,6,4,3,1,2,2,5,5,8,6,8,10,5,9,6,4,4,4,2,3,1,1,1,1,1,4,9.2,8,7,-3.197648,-2.48852,-2.549048,-1.935754,-2.357126,-1.882316,.3377,.2431,37.3737,.2747,91.8367,.9796,19.2,13,13,26,10,10,11,10,9,13,10,9,8,10,1,2,2,7,5,5,8,4,13,2,13,8,10,6,6,2,4,0,2,2,1,4,1,10,8,4,10,9,8,7,6,3,4,3,1,5,1,0,0,3,9.66,9,-5,-2.94018,-3.581938,-2.813942,-4.196297,-1.51423,-1.896036,20
    5.00,1,1,2,1,10,.4642,.2855,40.404,.2698,87.2449,1.0185,19,11,18,29,12,9,9,9,9,10,10,8,11,13,2,3,1,3,4,4,6,12,18,1,11,13,7,3,0,4,1,1,6,1,3,2,8,8,7,10,4,10,7,3,5,5,3,1,3,0,2,0,5,3,9.6,9,-7,-3.320314,-2.925489,-3.472047,-1.430084,-1.496399,-2.077009,.6875,.264,40.404,.2684,111.7347,.5714,16.67,8,8,16,12,9,11,13,8,10,8,9,8,12,2,4,4,6,7,4,8,5,8,1,8,7,8,7,8,3,6,3,1,1,5,0,8,4,5,12,6,6,10,3,8,3,4,2,3,0,1,4,1,4,9.88,9,7,-3.357048,-2.291543,-4.085499,-1.966977,-3.188512,-3.121011,100,1.7915,.2629,39.3939,.2288,93.3673,.96,22.75,13,9,22,11,7,12,8,6,9,15,7,13,12,3,2,4,6,3,2,7,12,9,1,13,9,5,6,6,6,2,2,2,1,6,6,12,9,6,6,5,6,5,3,3,2,2,2,1,4,2,2,0,7,9.6,7,4,-3.540972,-2.188168,-2.090145,-.214332,.215735,-1.397235,1.1451,.2266,33.3333,.2345,104.0816,.8571,18.6,11,8,19,11,12,12,6,13,7,11,8,11,9,1,2,5,2,5,10,7,6,8,2,11,13,7,6,2,8,3,1,1,2,1,3,6,6,4,11,10,10,9,5,5,2,6,1,0,2,0,3,0,4,9.82,9,7,-3.065145,-3.783548,-3.520457,-2.903231,-2.84466,-3.833915,2
    6.00,1,1,2,2,9,1.1181,.3229,44.4444,.2576,84.1837,1.4894,17.8,16,16,32,11,6,12,9,13,8,8,13,11,9,0,5,0,3,4,5,4,8,16,2,16,16,9,6,0,2,2,1,1,2,3,2,8,6,8,4,10,12,10,3,3,2,0,3,0,4,3,1,1,5,9.62,9,9,-3.065142,-3.06367,-3.664871,-1.954426,-2.351553,-1.844433,.8708,.2817,41.4141,.2105,101.0204,.9149,16.5,11,12,23,10,11,12,7,14,9,10,10,7,10,3,1,5,4,4,2,8,8,12,0,11,9,9,14,4,1,4,1,0,0,1,2,6,3,7,15,11,6,9,5,5,8,2,2,0,1,3,0,0,4,9.79,8.5,7,-3.743098,-3.82813,-3.997561,-3.114569,-4.253967,-3.610635,100,1.3878,.3007,44.4444,.2399,81.1225,1.8372,21.25,20,12,32,11,12,12,8,16,7,8,9,9,8,3,1,2,2,6,6,5,4,12,1,20,14,8,8,4,2,2,0,0,1,5,5,7,11,11,6,5,5,4,6,6,2,2,2,2,2,0,0,1,7,9.4,7,-5,-3.489429,-2.55668,-2.419039,-2.078997,-.293038,.001466,.5831,.2388,36.3636,.299,101.0204,.6415,21.25,8,15,23,11,7,12,10,9,9,12,8,11,11,1,5,3,3,3,6,5,8,15,3,8,8,12,7,4,2,5,0,2,3,1,3,5,7,6,11,8,14,7,7,3,3,0,3,0,1,1,0,0,7,9.44,9,9,-2.617393,-3.650367,-3.249057,-2.788265,-2.267649,-2.842828,2
    7.00,1,2,1,1,16,.8579,.2344,36.3636,.2407,108.6735,.6,15.8,10,7,17,11,9,8,11,8,11,15,8,10,9,2,1,2,4,6,5,11,12,7,0,10,11,9,5,4,5,1,3,2,0,1,7,5,6,7,9,12,5,5,3,5,8,3,3,1,3,0,0,4,3,9.6,8,8,-3.750455,-3.81367,-2.055524,-2.680412,-2.013443,-2.459816,.9409,.2566,39.3939,.2319,110.2041,.6667,15.33,6,5,11,9,8,15,11,8,11,12,8,9,9,1,3,5,6,1,8,13,6,5,0,6,9,11,7,10,2,6,1,0,0,3,6,6,9,4,7,5,3,5,7,9,8,4,3,3,3,3,0,0,2,9.71,10,-5,-3.765154,-3.145236,-2.351249,-2.440068,-1.253196,-2.875625,100,3.4519,.2684,40.404,.2728,108.6735,.64,19.67,10,7,17,10,16,14,7,5,8,10,4,15,11,0,2,8,8,7,7,5,3,7,2,10,5,5,11,5,6,3,4,2,2,5,7,10,7,8,8,9,5,3,4,2,3,4,1,1,3,0,0,0,8,9.06,7,4,-3.441092,-2.741912,-2.266529,-1.496756,-1.758312,-1.256537,2.6012,.2835,41.4141,.3075,99.4898,1.25,22.25,7,8,15,11,13,9,15,8,5,12,5,14,8,4,5,4,5,5,1,4,7,8,1,7,15,11,7,6,5,2,2,1,1,4,6,3,10,5,6,13,9,6,4,6,2,4,0,3,0,1,2,0,5,9.26,8,8,-3.658884,-3.042321,-2.480575,-3.457881,-1.420484,-3.075134,0
    8.00,2,2,1,2,5,5.373,.3997,54.5455,.3437,65.8163,2.0408,0,20,19,39,13,10,9,14,11,7,11,13,12,0,0,2,0,2,8,3,3,11,19,0,20,13,8,2,4,3,2,0,0,0,2,3,7,8,16,14,3,8,4,6,7,3,1,1,3,1,2,0,0,2,8.84,7,6,-4.148306,-3.943279,-4.186115,-3.418414,-3.033697,-.017324,5.6473,.2737,42.4242,.2942,99.4898,.6852,0,8,10,18,11,10,10,14,6,12,13,10,14,0,0,0,2,5,9,8,7,11,10,2,8,8,6,10,1,6,5,2,0,1,0,4,5,12,11,8,10,9,8,6,5,2,3,1,0,3,0,0,1,2,8.56,8,5,-3.836046,-4.670946,-3.906174,-3.703531,-1.718372,-1.478527,100,4.7165,.3116,45.4545,.2851,93.3673,.717,31.33,10,10,20,14,7,6,19,13,3,14,7,10,7,0,1,1,7,3,10,9,5,10,7,10,9,11,2,5,6,3,1,0,7,5,9,13,9,7,8,4,4,0,4,3,3,0,1,1,0,1,0,1,10,9.07,6,4,-1.858266,-3.421546,-1.468508,.042898,-.599229,-.894608,1.1352,.2456,38.3838,.1995,104.0816,.68,32.67,8,4,12,13,10,11,11,10,6,12,6,11,10,1,5,2,5,6,5,9,10,4,3,8,9,12,2,6,3,6,2,2,3,4,4,5,6,9,15,9,6,6,1,3,4,1,1,2,2,3,2,0,4,9.39,7,7,-2.698261,-2.654182,-2.657152,-2.873086,-2.193601,-1.380233,1
    9.00,2,2,2,1,16,4.2759,.2904,41.4141,.2671,90.3061,.68,49.5,18,11,29,13,16,8,8,10,11,5,14,13,2,1,2,3,7,2,6,3,6,11,8,18,10,2,8,6,1,6,0,0,8,10,11,5,8,8,3,6,3,2,3,2,1,2,1,1,1,3,1,2,9,9.04,6,3,-1.320914,-.350501,-.156487,-2.563956,-.007273,.833337,2.3945,.314,44.4444,.239,73.4694,1.7234,22.25,21,12,33,16,13,9,5,9,10,10,13,5,10,4,1,4,2,4,1,4,4,12,10,21,9,6,9,7,2,0,0,0,10,3,6,5,8,9,4,2,7,7,5,1,1,6,0,1,1,3,3,2,6,9.54,7.5,1,-.353015,-1.762656,-1.793617,-2.178124,-1.185029,.154121,100,3.0793,.3166,45.4545,.2552,85.7143,1.4773,37,14,4,18,17,9,4,8,6,12,15,11,10,8,3,3,2,7,1,8,5,8,4,3,14,14,6,5,9,5,1,1,1,3,5,10,9,13,8,4,10,7,2,2,3,0,2,0,1,0,2,0,2,7,8.57,6,5,-3.037306,-2.768466,-.976495,-1.208793,.050155,-.511936,.7419,.2432,36.3636,.3015,102.551,.8519,18.8,11,11,22,8,13,9,9,11,12,12,10,9,7,1,3,2,4,2,7,9,14,11,0,11,5,6,9,6,4,2,4,0,0,2,3,13,1,3,11,7,12,10,6,4,0,5,2,2,1,3,1,1,3,9.71,9,4,-3.721057,-3.422655,-3.401616,-.079668,-3.714279,-3.932672,18
   10.00,1,2,2,2,18,.7346,.2668,39.3939,.2272,96.4286,1.0435,14.33,11,7,18,11,13,8,9,7,9,10,10,13,10,2,6,6,3,2,5,4,10,7,0,11,14,5,10,2,6,4,0,3,0,1,2,3,4,13,9,4,12,8,10,7,5,3,1,2,3,1,2,0,0,9.51,9,6,-3.721052,-3.768415,-3.859994,-4.060245,-4.090289,-1.225399,1.1447,.2374,36.3636,.2467,102.551,.6364,43,8,13,21,8,12,12,13,10,9,10,11,10,5,0,2,5,3,5,8,6,12,13,0,8,9,4,7,5,7,3,0,3,0,1,4,9,11,14,9,10,4,2,2,5,3,7,3,0,0,2,0,0,4,9.09,7,6,-3.772513,-3.842378,-3.228381,-1.755516,-.882683,.435973,100,4.9985,.3193,45.4545,.2807,102.551,.7636,32.5,10,10,20,2,18,12,8,16,10,12,10,7,5,0,0,2,4,4,9,11,10,10,4,10,5,10,6,11,1,2,1,0,4,12,4,9,9,8,7,5,4,1,3,2,1,1,5,1,3,5,0,1,5,9.1,6,2,-2.935253,-.294671,-2.853728,-1.372504,-.600838,.421823,1.7781,.2688,39.3939,.2486,96.4286,1.1429,17.4,14,11,25,11,14,7,7,11,10,15,11,8,6,1,1,2,3,6,8,6,11,11,0,14,9,6,11,4,3,2,2,0,0,5,3,4,10,11,8,9,6,5,4,6,1,3,1,3,2,3,0,0,6,9.46,8,6,-3.897593,-2.569013,-3.465328,-3.485087,-1.715303,-1.380233,0
   14.00,1,2,2,1,8,1.3191,.2927,41.4141,.2376,102.551,.8043,17,11,5,16,14,11,8,8,9,13,8,6,11,12,5,4,0,5,3,9,4,10,5,1,11,8,8,10,6,7,2,0,2,1,2,5,5,9,11,9,6,7,7,5,4,3,2,2,3,3,2,0,1,3,9.07,8,6,-3.460001,-3.493923,-2.773311,-3.08759,-1.371728,-1.045258,1.7641,.2759,41.4141,.2518,107.1429,.72,18.6,3,5,8,17,10,11,9,7,8,11,9,6,12,1,2,8,6,7,6,7,6,5,2,3,8,13,6,4,4,8,4,0,2,4,5,5,11,7,5,5,6,9,5,5,3,2,3,2,2,1,1,1,6,9.52,9,5,-3.197646,-2.81576,-2.604728,-2.709256,-.68754,-1.477016,100,3.6844,.2977,44.4444,.2636,113.2653,.6275,28,7,7,14,19,13,10,11,6,8,9,9,3,12,3,2,6,7,7,5,4,8,7,2,7,6,10,5,2,6,6,3,4,2,5,8,8,7,11,7,4,7,3,5,7,0,5,2,0,2,0,0,2,5,9,7,6,-3.49282,-3.000215,-2.073195,-1.789964,-2.405834,-.384072,.5,.276,39.3939,.2262,99.4898,.717,17.8,7,6,13,11,8,11,12,11,11,10,7,10,9,0,4,3,2,2,11,12,12,6,1,7,9,5,10,4,4,5,1,2,1,1,2,6,6,6,9,10,7,8,4,10,5,3,3,0,1,2,1,2,3,9.87,9,-8,-3.320312,-3.662268,-3.656561,-2.628331,-2.766314,-3.019071,3
   15.00,1,2,2,2,20,.7145,.2811,41.4141,.2183,97.9592,.8519,16.67,7,13,20,7,9,10,8,12,11,12,8,12,11,1,2,0,5,7,4,9,13,13,0,7,11,7,8,3,3,3,0,4,0,0,2,3,8,4,12,10,13,8,3,2,9,4,3,2,1,0,3,0,3,9.96,9,9,-3.713709,-4.162261,-4.027287,-4.12488,-2.8456,-4.316451,.7902,.2629,40.404,.2203,101.0204,.766,15.83,5,4,9,8,11,10,8,12,13,7,12,9,10,2,4,1,3,8,10,7,8,4,0,5,12,10,8,7,8,2,1,0,0,0,1,7,5,9,15,7,5,10,9,5,0,4,4,1,0,1,1,2,4,9.82,9,7,-3.728403,-4.177212,-4.394164,-2.789437,-3.611256,-2.523215,100,3.693,.2904,44.4444,.249,104.0816,.76,24.33,16,9,25,3,5,9,11,16,12,12,7,15,10,0,0,0,4,7,8,13,9,9,0,16,10,6,3,5,5,4,1,0,0,2,9,12,10,14,5,5,5,2,3,1,0,1,5,1,1,2,1,1,10,9.39,6,6,-4.163066,-4.018281,-2.016536,-.646123,-.670863,.814971,.473,.2578,39.3939,.2196,97.9592,.8,17.6,11,6,17,11,10,8,10,11,9,11,9,8,13,3,4,3,0,5,9,9,8,6,2,11,10,5,7,6,6,1,2,3,2,1,7,1,10,9,4,8,6,8,4,8,5,2,2,4,1,2,1,1,4,9.79,9,5,-2.962222,-3.638356,-1.742229,-3.933642,-1.167561,-.975006,0
   17.00,1,1,2,1,15,1.4636,.3078,44.4444,.2567,91.8367,.9636,16.33,7,17,24,9,8,16,8,7,12,9,8,13,10,1,2,5,2,4,5,4,11,17,3,7,10,11,4,5,2,6,1,0,3,2,4,6,3,7,8,13,6,9,5,3,2,5,0,1,2,1,2,4,4,9.72,8,8,-2.786583,-3.497646,-2.975594,-2.730058,-3.702774,-3.163148,1.5696,.2765,40.404,.2305,104.0816,.7692,20.25,8,9,17,11,7,15,10,8,10,7,7,14,11,4,0,2,7,6,3,9,10,9,2,8,6,9,7,4,7,3,4,0,2,4,8,3,5,9,6,9,5,5,9,3,5,3,3,1,3,1,2,0,4,9.37,8,-6,-3.153458,-2.758669,-1.3595,-3.40044,-1.952036,-1.45754,100,4.2123,.2905,44.4444,.2752,79.5918,1.3276,43,5,15,20,10,6,18,7,6,13,12,3,11,14,3,1,2,1,4,5,11,12,15,3,5,11,9,5,2,1,5,3,2,3,3,6,11,9,15,9,2,2,6,3,2,3,2,2,2,0,1,1,0,8,8.94,6,6,-3.199929,-3.638275,-3.060726,-1.491493,-.849864,1.627484,.9144,.2391,36.3636,.2499,94.898,1.0962,15.83,7,9,16,10,7,11,9,9,10,11,7,14,12,2,1,2,3,9,8,5,8,9,4,7,16,7,1,7,5,2,4,0,4,2,2,2,7,1,13,11,7,6,3,14,2,4,0,1,4,1,1,2,3,9.74,9,12,-2.315209,-3.267969,-3.414747,-3.672828,-2.213884,-4.319268,5
   18.00,1,1,2,2,7,.7024,.3173,46.4646,.2146,96.4286,1.1837,20.5,12,11,23,7,12,11,11,8,11,9,13,9,9,2,3,4,4,0,4,6,12,11,2,12,14,5,10,2,6,2,1,0,2,1,4,6,7,7,7,11,7,8,4,7,3,2,4,0,0,2,1,1,6,9.78,8.5,8,-2.998966,-3.706661,-2.976806,-2.392272,-2.081486,-2.100046,.8535,.2276,34.3434,.2369,99.4898,.7407,16.2,5,11,16,8,7,11,10,13,10,12,11,7,11,1,0,5,2,6,6,10,11,11,2,5,11,10,4,7,3,3,1,2,2,7,4,3,8,8,6,4,5,8,6,4,4,3,4,5,1,4,0,1,3,9.52,9,-5,-3.021017,-1.504766,-2.500476,-3.401312,-1.154375,-1.613664,100,1.8336,.2975,42.4242,.2561,104.0816,.6667,21.5,5,13,18,10,7,6,14,12,6,10,14,12,9,2,0,3,7,4,5,5,9,13,3,5,12,14,9,3,1,2,2,1,3,4,6,6,6,11,9,8,6,5,2,4,2,2,2,1,2,1,3,1,6,9.31,7.5,6,-2.823407,-2.872459,-2.169322,-2.502285,-2.400761,-.055707,.7755,.2402,35.3535,.2334,102.551,.8333,17.6,12,9,21,10,6,13,12,9,9,11,10,9,11,0,1,2,7,4,7,10,10,9,3,12,11,3,6,3,4,2,3,3,3,3,5,3,7,8,6,3,9,7,8,5,5,1,3,3,3,1,2,2,3,9.76,9,9,-2.646791,-2.976358,-2.471228,-3.123956,-2.018664,-1.911092,4
   20.00,1,2,2,1,7,.9371,.2506,37.3737,.2081,101.0204,.9362,16,13,10,23,11,6,14,9,11,9,11,10,11,8,1,1,3,5,6,5,8,7,10,0,13,12,10,7,7,2,0,3,0,0,2,6,6,5,11,6,13,7,4,6,6,0,1,5,2,3,0,0,2,5,9.5,8,8,-3.750459,-3.478145,-2.403064,-2.462264,-2.721012,-.71778,1.3384,.2681,40.404,.2192,105.6122,.6,16.8,7,9,16,11,11,10,11,9,8,8,10,16,6,0,6,4,2,4,6,13,5,9,1,7,13,8,2,6,5,7,2,0,0,2,7,8,8,6,10,3,6,5,3,7,6,5,4,0,1,2,1,2,4,9.62,9,7,-3.831351,-3.595125,-2.10596,-1.723112,-1.698818,-2.431808,100,5.824,.296,46.4646,.3322,111.7347,.7447,40,9,6,15,13,1,13,16,4,15,11,12,8,7,2,2,4,3,8,3,11,8,6,0,9,13,9,6,8,0,4,3,1,0,5,5,11,10,8,13,11,5,4,5,1,2,2,1,1,2,1,0,0,3,8.58,7,7,-4.384922,-3.195571,-3.541512,-1.987076,-1.15955,-2.123317,.6314,.3246,47.4747,.2768,84.1837,1.2,17.4,14,14,28,11,8,11,12,12,10,7,10,8,11,2,2,1,5,2,9,9,5,14,0,14,9,6,5,9,5,1,2,0,0,1,4,7,6,6,11,9,9,5,6,3,2,8,2,3,1,1,1,1,4,9.77,9,7,-3.699018,-3.749337,-3.058713,-2.177959,-2.376584,-2.526522,0
   21.00,2,2,2,2,10,1.1101,.3004,43.4343,.2375,75,1.766,16.33,15,15,30,8,11,9,8,16,9,8,9,12,10,1,1,1,5,4,10,1,8,15,0,15,21,5,4,3,1,2,2,1,0,1,3,11,6,7,9,7,8,8,4,3,4,3,4,2,1,4,1,1,3,9.68,9,4,-3.801919,-3.942597,-3.605168,-1.016689,-1.864309,-2.09552,.6661,.2641,40.404,.2274,97.9592,1.2045,15,9,6,15,7,9,11,8,12,9,9,12,12,11,0,4,4,2,6,7,11,4,6,0,9,16,10,9,6,2,4,0,0,0,0,2,5,6,8,6,12,12,5,6,7,3,6,2,2,1,2,2,1,2,9.89,9,-8,-3.706356,-4.103497,-3.929937,-3.265124,-3.126262,-2.603276,100,4.199,.3066,44.4444,.3049,91.8367,.8,48,12,13,25,8,14,10,10,19,5,3,10,8,13,1,0,6,4,9,4,5,7,13,1,12,9,9,3,6,1,7,3,0,1,6,7,9,8,6,12,8,3,6,4,3,1,3,4,2,0,0,0,2,5,9.24,7,7,-3.932162,-2.650177,-1.957221,-1.718918,-1.286935,-1.129707,1.0457,.3057,44.4444,.2541,91.8367,1.0417,17.8,11,10,21,10,7,12,14,11,10,7,12,8,9,2,0,2,7,1,13,5,6,10,2,11,10,13,4,6,5,2,1,0,2,0,5,3,10,6,12,5,10,8,2,5,0,7,2,4,1,2,0,0,6,9.77,9,7,-3.057783,-4.169012,-2.853973,-3.886277,-1.607315,-3.243598,0
   22.00,1,1,1,1,16,.3538,.2404,36.3636,.2138,102.551,.7083,14.5,8,8,16,10,11,12,8,10,9,11,8,10,11,0,7,3,3,4,6,9,7,8,1,8,11,11,4,7,6,3,1,1,1,4,0,4,5,4,17,12,8,5,3,6,4,2,4,2,0,2,0,1,6,9.71,8,7,-3.298279,-2.58861,-4.154277,-3.541145,-3.270308,-4.038936,.3647,.2712,39.3939,.1875,113.2653,.7955,16.67,5,4,9,7,10,11,9,12,10,10,10,10,11,1,3,5,3,10,8,7,2,4,1,5,15,14,5,8,5,3,0,1,0,4,4,4,4,8,9,6,5,11,7,6,3,3,6,1,2,3,1,0,3,9.86,10,10,-3.654941,-2.628259,-2.78993,-3.140741,-3.254737,-2.343192,100,2.4207,.2918,41.4141,.2694,99.4898,.8163,20,8,12,20,8,15,13,11,9,15,10,8,5,6,1,4,1,3,3,9,7,9,12,0,8,10,14,8,3,5,3,0,0,0,3,6,15,8,6,11,2,7,3,4,4,4,2,2,1,1,0,2,1,8,9.4,7,4,-4.000739,-3.466789,-2.736905,.619526,-.591421,-1.561908,.257,.2155,34.3434,.2298,88.7755,1.28,13.71,7,9,16,11,9,10,9,12,9,9,11,9,11,0,2,4,1,9,7,7,10,9,0,7,15,8,9,4,2,5,0,1,0,0,7,2,8,5,8,11,6,8,6,4,6,5,3,5,1,1,2,0,2,9.83,9,8,-3.64026,-4.032291,-2.000938,-3.774096,-2.070097,-3.365129,1
   23.00,2,1,1,2,22,.9553,.3125,44.4444,.2867,85.7143,1.1915,19.8,2,3,5,11,6,10,8,12,10,8,12,13,10,2,4,2,5,4,6,9,12,3,0,2,17,9,12,2,7,3,1,0,0,0,5,5,6,2,12,15,7,9,10,3,4,1,1,4,1,0,0,0,5,9.79,8.5,8,-3.750455,-4.164266,-2.924529,-3.127847,-2.963341,-4.902792,.6588,.2618,39.3939,.2599,99.4898,.5714,13.14,2,5,7,9,7,13,9,11,11,8,10,12,10,0,1,3,5,4,10,14,13,5,1,2,10,5,4,10,6,3,4,0,1,0,1,5,8,9,7,11,6,11,3,9,3,4,2,2,1,1,0,1,5,9.79,9,-8,-3.349698,-4.072761,-4.243837,-3.335182,-2.489124,-2.218703,100,2.8889,.3281,47.4747,.2794,99.4898,.7843,19,10,14,24,12,3,8,9,13,7,8,13,12,15,0,5,3,7,4,3,9,6,14,0,10,10,4,8,6,2,4,1,4,0,2,7,8,16,4,9,9,4,5,3,4,4,1,2,3,0,1,2,0,6,8.98,7,5,-4.030231,-3.891369,-2.542622,-2.131308,.682441,-2.75556,.3812,.2506,38.3838,.3094,113.2653,.5385,16,5,6,11,9,9,11,11,10,13,9,10,8,10,0,3,5,2,6,8,14,7,6,0,5,8,7,12,5,5,6,1,0,0,0,1,3,12,8,9,9,9,11,4,4,1,6,4,2,2,0,1,1,3,9.74,9,5,-3.662281,-4.056761,-4.20507,-4.066118,-1.157895,-2.090125,1
   25.00,1,1,1,1,8,.3054,.2282,35.3535,.2597,82.6531,1.04,15.5,16,8,24,10,12,10,11,11,9,9,9,11,8,2,4,1,3,4,6,6,8,8,7,16,12,6,4,3,4,1,4,1,7,0,2,3,4,4,8,10,7,7,6,8,6,5,2,4,1,1,2,0,3,9.87,9.5,8,-1.120292,-3.459902,-3.310063,-3.291608,-3.05057,-3.588957,.9365,.2163,33.3333,.2439,93.3673,.8302,15.83,11,13,24,10,13,11,12,8,9,7,7,12,11,1,5,5,2,2,7,3,7,13,7,11,10,6,7,4,3,3,2,2,7,1,1,2,3,10,5,9,7,11,5,4,5,5,4,0,4,0,3,0,4,9.93,9.5,10,-1.223222,-3.577561,-3.551704,-3.664999,-4.050465,-1.75657,100,1.1751,.2592,38.3838,.2503,101.0204,.9362,17.2,7,8,15,9,12,7,15,8,12,8,10,11,8,1,2,4,7,2,6,6,10,8,1,7,17,10,7,4,3,3,1,1,1,2,5,11,9,11,5,7,8,4,5,1,5,5,1,1,2,0,0,0,7,9.24,8,-4,-3.445279,-3.51026,-2.731013,-.658148,-.920943,.292655,1.025,.1915,30.303,.24,102.551,.64,18.5,10,12,22,10,10,14,11,8,6,10,11,12,8,1,2,4,4,6,6,6,6,12,3,10,12,6,5,9,3,3,1,1,3,1,3,3,12,3,9,12,10,5,7,3,3,4,3,0,3,1,0,1,4,9.56,8,-5,-2.690913,-3.757401,-3.339811,-3.554127,-.48557,-3.968236,14
   26.00,2,1,1,2,28,2.1511,.3327,48.4848,.2553,67.3469,2,22,15,13,28,9,5,14,11,13,6,14,10,11,7,0,2,1,4,1,5,7,15,13,0,15,20,4,7,0,4,0,1,1,0,2,5,3,11,10,11,10,6,10,4,2,1,2,1,0,1,3,0,3,5,9.44,8,-5,-3.941788,-3.687668,-3.045288,-4.096756,-1.753432,-1.436298,2.4344,.2931,41.4141,.2811,78.0612,1.3019,21.25,13,9,22,9,5,16,7,13,6,9,10,13,12,1,1,6,2,1,6,11,15,9,1,13,7,7,4,4,5,1,3,3,0,0,4,4,17,10,8,6,9,8,1,2,6,3,1,4,0,0,0,0,7,9.63,8,5,-4.000737,-4.516989,-3.708173,-4.188829,.435087,-.969079,100,3.3444,.3132,44.4444,.2714,93.3673,1.0426,20.5,9,8,17,8,6,20,9,12,5,10,7,13,10,2,2,3,9,0,4,7,11,8,0,9,19,5,7,3,8,2,0,1,0,5,11,13,8,5,4,4,7,7,4,4,4,0,1,1,2,1,0,2,7,8.94,7,4,-4.214779,-3.032156,-.887196,.322451,.45328,-.837095,1.3522,.3086,44.4444,.2945,96.4286,1.1739,19.4,23,15,38,7,8,13,13,12,11,8,6,12,10,0,2,7,2,2,3,2,12,15,0,23,5,14,6,2,3,0,1,1,0,0,1,4,10,12,11,10,6,8,4,5,4,2,2,3,2,1,0,0,5,9.81,8,6,-3.816638,-4.24317,-4.484471,-4.033067,-2.291848,-1.288508,0
   27.00,1,1,1,1,25,.4517,.2949,43.4343,.2219,94.898,1.2128,16,23,17,40,11,12,11,11,10,11,9,9,9,7,2,3,1,1,2,4,8,8,17,1,23,9,7,5,3,2,3,1,0,1,9,7,4,4,2,7,7,6,7,2,3,8,7,1,2,1,7,2,0,3,9.77,9,2,-3.312963,-.749815,-1.166175,-2.518055,-2.244219,-3.946754,1.4703,.2982,42.4242,.2315,88.7755,1.0196,19.8,17,18,35,10,10,12,15,10,13,8,6,7,9,3,2,0,0,4,2,5,14,18,2,17,11,9,8,0,3,1,0,1,2,10,3,7,7,7,4,4,8,6,5,3,4,1,2,4,1,2,2,0,8,9.71,9,2,-3.131365,-.57209,-2.902393,-2.110779,-.99676,-.608329,100,.4247,.2639,40.404,.2511,88.7755,.9412,18.8,15,13,28,11,11,9,9,8,13,11,10,9,9,0,4,1,3,5,5,4,11,13,5,15,10,4,7,5,7,1,0,0,5,4,6,3,9,5,7,4,7,9,10,3,4,1,1,1,2,1,2,0,6,9.51,9,11,-1.871855,-2.760988,-1.714854,-3.192578,-.841731,-2.150599,1.1664,.2374,38.3838,.2158,96.4286,.9388,21,16,8,24,13,8,10,6,11,13,11,8,12,8,2,2,2,2,6,6,8,9,8,4,16,9,5,8,5,3,2,1,2,4,5,7,2,10,6,10,4,3,5,5,5,5,4,4,2,1,0,1,1,6,9.57,8,-5,-2.351992,-2.207621,-1.574622,-3.506555,-.752596,-2.389869,3
   28.00,1,1,1,2,12,1.8337,.2513,37.3737,.2583,94.898,.9362,20.75,5,5,10,11,10,12,9,14,11,13,8,4,8,0,1,6,3,7,8,6,9,5,2,5,16,13,8,5,2,2,1,1,1,0,4,6,8,14,11,9,6,5,2,3,4,5,1,0,0,1,3,0,7,9.62,8,6,-3.518881,-4.242564,-3.422635,-3.034235,-2.412213,-.085336,1.3558,.2674,41.4141,.2897,110.2041,.6087,21.75,9,6,15,11,9,13,12,10,13,8,8,11,5,0,1,6,6,4,9,11,2,6,1,9,14,6,11,7,2,2,2,1,0,1,8,7,9,5,14,6,5,4,8,5,3,2,2,3,1,1,0,3,3,9.56,8,7,-3.809281,-3.924145,-1.868704,-2.013633,-1.235815,-2.822101,100,1.2779,.2394,36.3636,.2609,99.4898,1.0417,18.4,6,8,14,11,7,10,7,15,10,12,8,12,8,1,3,4,3,4,7,9,7,8,1,6,14,14,8,5,2,2,1,1,1,1,6,9,11,9,6,9,6,5,4,3,2,3,2,0,1,1,3,0,8,9.67,8,5,-3.459996,-3.863728,-2.486463,-1.350447,-.645921,-1.031536,.2531,.2441,36.3636,.2658,104.0816,.7451,15.17,9,16,25,9,10,9,10,12,10,12,10,9,9,1,2,3,3,7,8,6,5,16,0,9,7,13,3,6,7,3,1,0,0,1,13,3,11,3,6,4,4,10,4,5,8,3,5,2,2,1,0,0,5,9.51,9.5,3,-3.640253,-3.682505,.333706,-2.688392,.156891,-3.089465,1
   29.00,2,1,1,1,20,.7681,.2787,42.4242,.2656,114.7959,.5417,18.8,7,12,19,9,9,10,11,14,12,10,10,7,8,1,3,8,1,5,3,7,8,12,0,7,8,14,9,8,3,2,1,0,0,0,4,7,5,9,7,8,7,7,12,5,4,2,3,2,0,1,1,0,6,9.79,9,11,-3.728403,-4.122655,-3.240424,-2.354237,-3.05441,-1.881166,.2224,.281,43.4343,.2239,114.7959,.56,16.33,0,5,5,10,9,11,11,11,10,9,11,8,10,3,2,3,6,6,7,7,11,5,0,0,9,15,11,4,2,5,4,0,0,1,2,4,10,4,10,11,6,10,5,4,4,7,1,3,2,0,2,0,4,9.89,9,8,-3.632919,-3.657117,-3.732707,-3.447499,-1.494956,-3.443979,100,2.1036,.2714,41.4141,.2245,102.551,.625,18.2,7,13,20,5,12,6,12,13,11,13,7,13,8,0,2,2,3,5,11,10,10,13,0,7,5,6,6,8,5,5,2,0,0,5,12,5,9,7,7,5,5,3,4,6,2,4,1,3,1,1,1,3,6,9.36,7.5,3,-3.927052,-2.592406,-.024127,-2.081569,-.32856,-1.053548,.3933,.28,42.4242,.1972,97.9592,.9038,13.86,9,11,20,12,10,10,12,11,9,8,8,10,10,1,2,6,3,5,4,6,12,11,1,9,6,11,9,4,4,4,1,1,1,0,4,2,6,8,12,4,8,6,9,6,9,5,1,2,2,1,2,1,1,9.82,9.5,7,-3.305619,-4.025499,-3.081934,-4.079555,-3.145042,-2.788186,0
   30.00,2,1,1,2,16,.9702,.2546,36.3636,.2386,97.9592,.7692,15.6,10,14,24,12,11,13,7,10,10,6,11,11,9,5,1,3,3,6,4,5,9,14,2,10,8,5,6,7,3,6,2,1,1,0,3,10,8,9,11,7,6,4,4,10,1,1,2,1,3,2,0,0,7,9.54,8,7,-3.393802,-4.170654,-3.641855,-1.376328,-1.775926,-1.09636,1.0262,.2995,42.4242,.2485,102.551,.2,16.4,4,15,19,13,12,11,9,8,9,6,10,13,9,2,3,4,5,3,8,8,11,15,0,4,3,5,7,3,3,9,4,3,0,1,2,4,7,12,12,5,12,4,4,9,3,4,4,1,1,1,0,2,2,9.46,9,-6,-3.765154,-3.842857,-3.8995,-3.685439,-2.964058,-1.161011,100,2.3393,.371,50.5051,.2897,88.7755,1.3333,20.5,20,1,21,16,10,15,9,8,5,6,11,10,10,2,6,6,1,4,11,6,2,1,0,20,12,3,11,5,2,2,1,5,0,2,6,8,9,6,16,3,6,8,3,1,1,3,3,3,1,0,4,1,6,9.51,7,7,-3.993366,-3.831428,-2.874237,-2.189512,-1.602979,-2.397956,.4477,.2504,38.3838,.2684,90.3061,1,15.33,11,12,23,9,12,10,10,10,7,11,10,12,9,1,3,1,4,5,6,7,10,12,1,11,13,9,3,4,4,2,4,0,0,0,2,6,7,8,15,6,10,8,4,4,2,6,0,2,1,1,0,4,4,9.72,9,7,-3.669629,-4.101998,-3.887304,-2.865642,-2.536953,-2.22731,1
   31.00,2,2,1,1,18,.8948,.3135,45.4545,.2712,65.8163,2.3721,17.8,21,15,36,9,9,10,11,6,9,13,11,13,9,2,1,4,4,4,3,2,7,15,0,21,13,11,7,3,1,1,0,1,0,0,1,8,9,7,6,5,10,13,8,6,2,3,1,3,0,1,2,1,4,9.88,9,10,-3.743101,-4.197523,-4.395771,-2.460659,-1.928212,-2.380431,.5758,.2553,38.3838,.2365,102.551,.7358,17.2,6,7,13,11,11,10,9,10,13,8,11,7,10,0,2,6,2,7,8,8,13,7,0,6,9,2,9,10,4,4,1,2,0,0,1,4,5,9,7,19,11,8,4,4,4,3,1,2,0,1,2,0,5,9.82,8.5,8,-3.691666,-4.118022,-4.306124,-3.899586,-4.089513,-3.001731,100,2.5594,.3258,47.4747,.2613,102.551,.7451,26.67,8,15,23,10,7,13,14,6,12,4,11,9,14,2,1,6,5,3,4,3,12,15,0,8,11,8,4,9,5,2,0,2,0,3,5,9,11,7,8,7,5,7,8,5,2,2,1,1,1,1,0,2,5,9.02,8,5,-3.993366,-3.43239,-2.952512,-1.84665,-.432466,-1.579643,.8164,.2901,41.4141,.2729,82.6531,1.5102,18.6,17,15,32,11,10,14,12,8,7,10,8,10,10,1,4,1,5,4,4,8,7,15,0,17,7,5,6,8,3,2,2,1,0,1,1,6,11,8,12,11,4,5,5,3,7,2,6,1,3,0,0,0,4,9.54,8,7,-3.735747,-3.811416,-4.323023,-3.139748,-1.400251,-1.934318,0
   32.00,2,2,1,2,14,1.1354,.2872,40.404,.2583,79.5918,.5932,31.67,13,24,37,10,9,6,9,10,12,13,9,14,8,0,2,0,3,2,4,11,11,24,1,13,10,4,3,3,3,1,3,2,1,5,1,7,7,14,6,4,9,9,6,3,3,6,4,0,1,1,0,0,3,9.39,8.5,6,-3.430569,-2.39901,-3.864777,-2.693244,-2.129075,.704395,.8674,.2814,43.4343,.2858,97.9592,1.0851,21.25,11,5,16,11,9,13,9,11,8,11,6,12,10,2,4,1,3,3,11,7,10,5,1,11,13,11,6,2,1,5,1,3,1,2,2,4,3,14,12,9,12,5,4,4,4,3,4,0,1,0,2,1,3,9.63,8,6,-3.379098,-3.387617,-3.782249,-3.556139,-4.066103,-.615808,100,1.2969,.2775,40.404,.2074,104.0816,.566,30,8,7,15,11,14,11,8,9,8,14,10,9,6,4,0,4,2,3,11,6,13,7,3,8,8,4,6,7,9,3,2,0,3,8,5,10,6,10,5,4,3,6,6,2,5,2,4,3,1,2,0,2,3,8.7,7,-4,-2.742413,-1.226526,-2.394792,-.840376,-1.574884,.609891,.6153,.2506,37.3737,.2495,108.6735,.5769,15.67,7,11,18,10,11,10,10,7,13,8,12,9,10,1,4,4,3,4,7,5,12,11,1,7,9,12,3,3,6,5,1,2,1,2,3,5,5,3,13,7,13,6,5,5,3,4,2,2,6,1,2,1,1,9.76,9,-7,-3.34235,-3.337793,-3.261643,-2.875509,-3.036173,-4.23498,2
   34.00,2,2,1,1,14,1.4981,.3185,46.4646,.2859,91.8367,1.0588,29.67,6,4,10,10,8,13,12,5,10,13,7,10,12,0,4,5,2,7,5,6,18,4,0,6,12,13,3,1,4,2,4,4,0,1,5,13,7,8,6,7,8,8,5,4,2,2,2,0,4,1,0,0,7,9.66,8,4,-3.831351,-3.932492,-2.990352,-.182263,-1.593846,-1.24003,1.1319,.3394,48.4848,.2542,108.6735,.6071,23.75,0,0,0,11,8,14,11,8,7,9,9,9,14,2,4,3,4,5,12,6,19,0,1,0,4,7,4,10,8,9,0,2,0,1,4,9,8,11,14,3,5,4,11,1,2,3,1,4,3,1,0,1,4,9.43,7,7,-3.794572,-3.853787,-3.225895,-1.670005,-1.709197,-.82591,100,2.5693,.2936,42.4242,.2671,104.0816,.6939,18.75,7,5,12,7,7,14,8,12,6,13,8,8,17,0,5,3,4,9,5,8,9,5,1,7,16,3,6,5,4,7,0,3,1,6,7,14,6,9,7,8,5,0,5,1,1,2,1,0,1,2,1,3,10,9.6,7,4,-3.695761,-2.422807,-2.149216,.338921,-1.400961,.308459,.567,.2568,39.3939,.2792,107.1429,.5769,19.8,4,6,10,10,10,12,7,11,9,13,9,10,9,0,1,4,6,8,11,3,13,6,0,4,12,9,4,7,3,2,4,3,0,1,2,5,10,9,8,10,4,6,6,7,2,1,6,3,5,1,0,1,3,9.93,8.5,-5,-3.691662,-3.761582,-3.964587,-3.537389,-1.727908,-1.7148,0
   35.00,2,2,1,2,6,1.0953,.3031,42.4242,.338,85.7143,1.2174,13.67,11,9,20,10,8,12,12,7,13,9,9,13,7,2,2,3,3,6,2,7,12,9,0,11,16,12,5,4,1,2,1,2,0,1,3,5,3,8,10,12,4,10,12,3,5,3,1,3,2,1,2,1,1,9.63,9,-8,-3.77986,-3.843541,-3.597133,-3.242379,-4.282689,-3.144446,.866,.319,44.4444,.2426,104.0816,1.0909,14,6,2,8,10,9,13,13,8,10,10,12,8,7,1,3,6,2,5,9,11,4,2,1,6,16,11,12,5,1,1,2,2,1,1,2,3,8,3,9,13,7,9,7,6,4,3,6,3,2,1,1,1,0,9.68,9,8,-3.386449,-3.795564,-3.813428,-3.928947,-2.598543,-4.328732,100,.8177,.2584,39.3939,.1927,90.3061,1.2885,23.75,14,9,23,12,9,10,13,13,9,7,9,8,10,0,2,0,6,7,2,16,10,9,0,14,8,3,5,8,3,2,4,1,0,2,7,10,8,11,8,4,7,6,3,2,2,2,2,2,3,3,1,2,5,9.39,7,6,-3.735747,-3.444467,-2.012101,-.807324,-.876268,-.377081,.6153,.289,41.4141,.2412,94.898,.9388,19.2,7,8,15,10,10,10,7,13,9,11,10,8,12,2,4,2,4,3,9,5,11,8,1,7,10,14,7,2,5,3,1,2,0,0,0,5,12,10,9,8,8,13,7,4,1,2,1,1,2,2,1,0,4,9.54,9,10,-3.699012,-4.130137,-4.67037,-3.614768,-1.320913,-1.3497,1
   36.00,2,1,2,1,16,.6044,.3449,47.4747,.2649,73.4694,1.3036,16.33,14,20,34,8,8,12,13,11,8,10,9,11,10,0,0,0,3,2,8,9,14,20,0,14,13,3,4,1,3,2,3,1,0,0,2,2,9,7,8,13,10,13,2,4,3,4,5,0,2,2,1,1,2,9.81,9,-8,-3.699018,-4.101686,-3.954048,-4.430239,-2.40774,-2.869687,.6589,.2513,37.3737,.288,73.4694,1.2692,14,12,19,31,13,9,11,10,11,7,8,9,10,12,1,2,4,1,4,7,4,10,19,0,12,14,4,4,6,2,3,0,3,0,0,1,8,3,6,12,8,12,8,9,5,2,5,1,4,0,1,1,0,4,9.91,9,-7,-3.706356,-4.125548,-4.362324,-2.445673,-4.027176,-3.559743,100,1.779,.2604,40.404,.2545,88.7755,1.4048,21.25,18,4,22,13,13,9,7,11,12,11,11,9,4,0,1,5,3,8,9,7,5,4,0,18,11,8,11,3,3,2,1,1,0,4,14,5,13,8,4,6,3,2,4,4,1,4,0,3,1,3,3,1,7,9.58,7,3,-3.860784,-2.915557,.5754,-2.100814,.683059,-.702737,.6588,.2266,33.3333,.2573,101.0204,.6364,20,6,16,22,8,10,13,12,7,10,9,9,11,11,1,3,3,3,3,6,9,11,16,0,6,10,7,5,5,4,5,2,1,0,0,8,2,6,4,13,5,16,6,4,10,5,3,0,2,2,1,0,1,2,9.58,9,9,-3.706358,-4.125237,-1.748699,-3.730725,-2.810848,-4.1546,0
   37.00,2,1,2,2,23,.6984,.2373,35.3535,.2455,101.0204,.8511,16.33,12,14,26,10,10,10,13,7,8,9,12,9,12,5,0,4,3,6,3,6,6,14,0,12,12,9,5,5,4,4,1,1,0,2,3,4,5,5,9,10,10,9,5,8,8,4,2,1,1,0,0,0,4,9.8,9,-8,-3.713705,-3.419622,-3.394059,-3.407255,-3.306181,-3.673093,.7804,.2622,39.3939,.2525,99.4898,.88,15.17,11,11,22,10,13,10,11,6,10,12,8,10,10,3,1,1,4,3,9,7,10,11,0,11,12,9,5,3,7,3,0,1,0,0,0,6,5,8,8,6,12,6,16,7,4,6,1,0,1,1,1,1,1,9.74,9.5,11,-3.721057,-4.122801,-4.657382,-3.197986,-3.700923,-2.910404,100,1.465,.3001,42.4242,.2419,105.6122,.76,40,8,13,21,9,9,12,9,4,10,13,12,11,11,6,0,3,3,5,6,10,4,13,0,8,9,7,6,7,7,3,3,0,0,2,8,7,8,11,7,7,10,9,1,2,2,2,1,1,2,6,1,1,2,8.8,8,6,-3.809281,-3.51641,-1.71213,-2.037405,-.894592,-.083427,.4691,.2866,41.4141,.2353,94.898,.9583,15,11,11,22,13,9,10,10,10,8,10,12,8,10,3,3,3,1,7,5,6,7,11,2,11,13,5,9,5,4,2,2,1,2,0,5,2,7,8,7,9,12,3,9,6,2,1,5,2,3,2,3,0,2,9.74,9,9,-2.962222,-3.962062,-2.568013,-3.79334,-2.312286,-2.340073,0
   38.00,1,2,1,1,15,1.8124,.352,47.4747,.2951,87.2449,1.4146,14.6,15,14,29,9,9,15,5,12,10,7,10,14,9,5,2,1,6,1,2,4,6,14,0,15,19,12,5,5,1,1,1,0,0,0,2,4,12,10,6,11,7,10,3,6,2,3,4,2,2,3,1,1,1,9.44,8.5,5,-3.897593,-4.362359,-4.356284,-4.215477,-1.744549,-1.844604,1.8813,.241,37.3737,.256,107.1429,.7843,18.2,6,8,14,5,8,16,10,13,11,10,9,11,7,1,0,5,4,7,7,9,8,8,2,6,9,10,10,4,6,2,0,2,1,0,5,5,7,8,9,9,12,4,6,4,5,1,2,3,2,0,2,0,5,9.72,9,9,-3.555696,-4.274077,-3.107444,-3.358219,-2.93824,-2.758687,100,2.3113,.3057,45.4545,.2244,104.0816,.8511,21.5,4,7,11,13,4,14,9,11,10,7,14,11,7,2,3,6,4,5,7,5,7,7,0,4,10,13,10,11,4,1,1,0,0,4,11,9,9,5,6,2,10,5,2,5,2,2,0,3,3,4,1,0,7,9.7,8,3,-3.956523,-2.983501,-.687525,-1.046195,-.155697,-2.139985,.5822,.2941,43.4343,.2672,96.4286,1.0444,19.6,15,9,24,11,14,9,9,10,8,11,8,10,10,3,0,5,7,6,4,7,2,9,1,15,12,7,10,1,5,0,5,1,1,1,1,6,7,12,6,8,16,3,4,5,5,3,2,1,1,0,2,2,4,9.82,9,9,-3.342355,-3.686151,-4.094413,-2.785335,-2.524632,-1.1395,1
   39.00,2,2,1,2,15,1.2796,.2639,40.404,.2861,79.5918,1.8571,24,21,11,32,9,15,6,9,11,11,8,9,13,9,3,3,3,3,3,6,4,6,11,0,21,9,12,7,2,3,1,1,2,0,0,6,8,8,18,8,5,5,3,5,4,4,3,2,1,1,2,1,0,6,9.67,7,6,-3.816636,-4.282939,-2.692867,-2.064948,-1.845838,1.752522,1.4328,.2754,41.4141,.2913,81.1225,1.4222,19.25,13,10,23,7,13,7,10,11,12,10,6,10,14,1,4,3,6,2,2,8,9,10,0,13,11,11,14,1,0,3,0,2,0,0,1,7,12,8,8,12,9,3,10,6,2,2,1,3,0,1,0,0,5,9.46,8,-5,-3.831347,-4.301148,-4.559167,-3.165036,-1.592436,-2.490557,100,4.9399,.3217,46.4646,.2715,90.3061,1.0204,31,14,12,26,7,22,6,10,11,7,12,3,9,13,1,3,2,6,8,2,9,5,12,1,14,7,6,4,10,6,1,2,1,1,4,14,8,6,11,3,1,9,2,7,2,2,2,3,1,2,3,1,1,7,9.5,7,3,-4.132124,-3.622366,-.313554,-1.798932,-2.178126,.308208,.2966,.2383,35.3535,.2628,96.4286,1.5909,16.8,20,5,25,9,12,11,10,12,9,9,9,9,10,2,0,7,3,4,8,6,8,5,1,20,9,7,5,4,4,4,2,1,1,0,2,3,12,10,8,9,5,8,8,4,5,2,3,0,1,3,0,0,6,9.78,8.5,5,-3.290927,-3.984646,-3.728578,-3.775171,-.76209,-1.13958,0
   40.00,2,1,2,1,7,.3884,.2655,41.4141,.2478,97.9592,.8571,14.33,13,8,21,12,8,9,12,11,9,11,9,9,10,2,4,0,3,4,10,8,10,8,0,13,8,7,7,6,5,1,1,3,0,0,2,3,10,5,12,11,7,6,7,6,5,2,3,6,2,1,0,0,2,9.72,9,7,-3.662281,-4.077524,-3.868209,-4.049102,-1.979774,-3.723105,.7681,.3011,43.4343,.2241,96.4286,1.2609,17.8,13,12,25,10,8,10,12,7,11,9,14,10,9,2,2,4,2,1,9,5,9,12,0,13,18,5,6,6,2,3,0,1,0,0,1,3,7,10,13,10,11,8,5,6,1,3,0,3,2,2,1,2,2,9.71,9,7,-3.728405,-4.158822,-4.341599,-4.239742,-3.333631,-2.289176,100,.6167,.2701,39.3939,.2327,94.898,1.2927,19.6,18,5,23,11,9,11,10,11,9,6,11,12,10,4,1,1,6,8,5,4,6,5,0,18,13,9,8,4,5,2,0,1,0,1,2,8,9,15,11,7,5,6,1,1,2,2,6,4,0,2,1,0,7,9.67,7,6,-3.691666,-3.751181,-3.855402,-2.217784,-1.624966,.896107,.4912,.2173,33.3333,.2247,102.551,.6415,16,12,10,22,11,9,12,9,10,9,10,11,12,7,0,1,5,2,8,8,9,9,10,1,12,4,5,6,9,3,4,4,0,1,0,3,1,10,5,13,4,13,6,7,9,4,1,2,1,2,0,2,1,5,9.89,9,-7,-3.320307,-4.038851,-3.437263,-4.530724,-1.990637,-3.581424,0
41A,2,1,2,2,19,.4247,.2459,37.3737,.2414,99.4898,.7273,15.17,7,20,27,9,9,9,8,10,11,9,11,13,11,0,2,5,6,7,5,5,5,20,0,7,6,6,7,6,5,5,0,3,0,1,1,2,5,10,10,4,15,8,12,2,6,5,1,2,2,1,0,0,3,9.82,9,9,-3.669631,-3.717305,-4.213955,-4.524074,-4.124925,-2.894904,.1305,.2639,38.3838,.1955,108.6735,.5741,12.13,8,6,14,9,9,11,9,11,10,10,11,10,10,0,2,3,3,5,12,8,15,6,0,8,6,6,8,5,4,5,2,2,0,1,0,0,4,6,12,11,11,8,14,10,3,2,1,2,3,0,0,1,1,9.89,9.5,11,-3.618233,-3.650594,-4.395069,-5.049317,-4.397959,-4.276231,100,.9143,.2343,36.3636,.2178,94.898,1.0196,16.75,12,13,25,11,9,12,9,10,7,14,11,10,7,2,3,1,4,5,4,6,12,13,0,12,13,4,6,5,4,4,0,2,0,0,7,3,10,11,10,5,7,11,4,4,5,0,5,2,1,1,3,0,1,9.07,8,-6,-3.750453,-4.1599,-2.158764,-3.58494,-1.36059,-1.073394,.417,.2497,37.3737,.2377,104.0816,.7692,16.17,7,7,14,11,8,11,11,11,7,10,11,10,10,2,2,3,9,5,4,9,9,7,1,7,8,10,6,4,1,7,4,2,1,0,1,1,9,3,16,7,12,11,5,7,2,2,2,2,3,1,2,1,2,9.87,9,7,-3.305625,-4.003271,-4.105479,-4.685365,-2.445828,-4.610395,0
   42.00,2,2,1,1,14,.9283,.2447,37.3737,.2822,91.8367,.96,20.25,4,9,13,10,9,9,14,6,9,11,9,12,11,1,5,0,6,5,9,5,9,9,0,4,10,11,10,9,4,2,1,0,0,0,5,8,10,8,6,9,6,8,7,4,6,3,1,1,3,0,0,0,5,9.6,8,5,-3.750457,-4.195139,-2.970991,-1.916411,-1.014436,-1.768512,1.2208,.2692,40.404,.2298,104.0816,.75,16,4,6,10,13,13,8,7,11,11,12,6,9,10,2,4,5,1,6,11,10,3,6,0,4,12,10,7,5,7,4,1,2,0,1,2,5,7,12,8,10,8,6,5,2,5,4,1,2,1,3,3,2,3,9.81,8.5,6,-3.794567,-3.883651,-4.004514,-3.443289,-3.097273,-1.577294,100,2.1669,.2953,42.4242,.2631,114.7959,.5714,20,9,3,12,11,17,10,6,8,10,5,12,11,10,1,3,11,3,6,7,12,2,3,0,9,6,2,9,7,10,3,4,2,0,5,6,11,15,7,4,5,8,5,1,4,2,4,4,1,0,2,2,0,4,9.08,7,5,-3.963891,-2.652554,-2.348276,-.365944,1.809112,-.68884,.6741,.2579,36.3636,.2229,116.3265,.4906,19.2,1,6,7,11,14,8,10,9,10,8,11,8,11,1,4,2,8,4,7,5,16,6,0,1,8,10,7,9,5,4,1,2,0,1,3,4,9,6,15,7,4,11,5,2,4,4,3,1,4,1,1,1,4,9.82,8.5,7,-3.713714,-3.780972,-3.528359,-3.677267,-2.078949,-3.016523,0
   43.00,2,2,2,2,13,.8608,.2426,36.3636,.259,97.9592,.72,19.5,5,5,10,12,9,11,12,8,7,11,12,7,11,1,1,6,5,4,11,4,13,5,0,5,8,12,6,7,5,6,1,0,0,4,5,4,12,11,9,9,3,3,2,5,5,1,4,2,1,0,4,1,5,9.47,7.5,5,-3.735751,-2.705037,-2.560479,-3.24346,-.719727,-.384167,.6749,.3096,43.4343,.2221,104.0816,.6842,16.67,4,3,7,12,11,12,11,8,9,11,7,8,11,0,1,2,6,9,11,13,10,3,1,4,10,4,3,3,7,3,7,3,1,4,0,5,7,6,7,8,10,9,6,6,5,3,2,2,4,3,0,0,2,9.73,9,9,-3.349705,-2.643415,-4.178807,-3.112387,-2.323225,-2.595947,100,1.3871,.2592,40.404,.2585,96.4286,.9388,21.67,10,8,18,9,7,9,13,11,14,10,7,7,13,0,2,2,3,6,8,9,10,8,1,10,12,11,4,5,8,0,0,1,1,6,9,5,15,5,4,7,5,8,1,4,4,4,3,4,0,1,0,0,4,8.82,7.5,5,-3.474711,-2.141481,-.894486,-2.559347,1.564344,-1.010679,.6589,.2775,41.4141,.2977,94.898,1.125,18,5,7,12,11,9,11,9,10,13,7,8,10,12,2,2,6,2,2,9,11,7,7,0,5,11,13,9,7,2,2,2,1,0,0,2,5,7,7,12,7,8,13,9,6,4,1,2,1,2,0,0,0,4,9.46,9,10,-3.706356,-4.13941,-3.987417,-3.295288,-2.90789,-2.949714,1
   47.00,2,1,1,1,19,.7507,.2556,38.3838,.2668,94.898,.88,21.5,8,14,22,9,11,12,8,10,13,8,7,11,11,4,2,3,1,5,5,7,8,14,1,8,12,12,6,2,3,2,4,1,0,0,2,7,9,14,9,4,7,7,7,5,4,1,5,1,1,1,2,1,3,9.57,8.5,6,-3.721059,-4.11726,-3.91787,-2.655348,-1.853234,.293811,.9157,.2567,38.3838,.2305,104.0816,.7358,17.2,4,8,12,11,8,12,10,6,10,8,11,11,13,2,2,4,5,9,10,4,9,8,0,4,6,8,10,2,7,1,5,4,0,0,4,8,5,9,10,9,6,5,9,6,3,4,3,0,1,0,3,0,5,9.84,8.5,7,-3.743109,-4.195623,-3.321337,-2.102146,-2.972454,-2.02252,100,.8821,.2373,36.3636,.2037,102.551,.875,15.6,11,10,21,8,12,10,8,11,8,12,11,13,7,1,3,5,3,6,5,5,9,10,1,11,9,14,1,6,6,3,1,1,1,1,7,10,7,7,6,4,8,9,4,2,4,4,2,1,2,3,3,0,5,9.62,9,4,-3.386453,-3.777455,-2.039266,-.797392,-1.513769,-1.136649,.5126,.234,34.3434,.2212,104.0816,.8043,18,16,3,19,9,12,11,10,9,8,13,10,8,10,1,5,4,5,3,5,9,9,3,1,16,9,5,7,8,4,2,1,3,1,1,5,2,10,4,7,5,17,3,5,5,7,7,2,0,2,2,0,3,2,9.8,9,9,-3.327653,-3.68111,-2.559109,-3.87399,-1.340951,-3.38125,0
   48.00,1,1,1,2,14,1.5783,.2939,41.4141,.2812,81.1225,1.4889,18.8,14,9,23,9,8,11,6,11,9,17,10,8,11,0,1,5,6,1,5,6,12,9,0,14,17,11,6,1,2,1,1,2,0,0,2,9,9,8,10,7,8,8,7,2,2,2,4,2,3,0,1,0,6,9.81,8.5,7,-3.882873,-4.38445,-4.331915,-2.650578,-2.227026,-2.565723,1.108,.2807,38.3838,.2885,87.2449,1.2245,15,5,4,9,12,11,10,14,8,9,12,6,10,8,1,3,4,1,2,9,12,13,4,0,5,19,7,7,4,3,1,3,2,0,0,4,9,7,7,6,11,7,9,8,4,3,4,1,3,1,2,0,2,2,9.4,9,8,-3.77986,-4.22227,-3.375615,-1.718155,-2.131787,-2.404835,100,1.5408,.2506,37.3737,.2491,97.9592,.9804,24,15,10,25,10,14,13,8,9,10,13,10,5,8,1,2,5,1,5,5,10,10,10,1,15,8,6,3,10,2,2,2,2,1,2,7,6,6,12,12,5,6,11,5,1,2,2,2,1,2,0,1,1,5,9.42,7,-6,-3.489429,-3.5287,-2.011268,-2.32071,-2.541366,-.111106,1.4193,.2817,41.4141,.2675,94.898,.96,17.4,14,13,27,8,14,12,6,11,10,11,12,10,6,0,3,2,3,4,7,8,8,13,2,14,13,7,3,1,6,5,1,0,1,1,4,2,11,9,8,7,11,6,2,8,4,3,1,1,2,3,0,5,1,9.64,9,-5,-3.467356,-3.87535,-3.247068,-4.277016,-1.41035,-1.683789,0
   50.00,1,2,2,1,21,1.2547,.2773,40.404,.2773,93.3673,1.5682,16.5,11,10,21,9,10,10,12,12,5,12,11,7,12,6,2,3,2,4,4,6,7,10,0,11,14,10,7,5,6,1,2,0,0,0,4,6,6,5,9,14,7,12,4,7,5,1,1,3,1,1,1,0,3,9.6,9,8,-3.787216,-4.23268,-3.368907,-2.911133,-3.133576,-3.602569,.8634,.3041,42.4242,.2389,101.0204,.7451,19.8,4,9,13,6,10,12,10,13,8,10,10,9,12,1,5,4,3,4,6,6,11,9,2,4,16,8,3,3,4,11,0,0,1,1,2,6,5,11,12,8,7,4,5,9,5,3,0,3,1,0,1,0,6,9.84,8,7,-3.379096,-3.737937,-3.716652,-2.828534,-3.181276,-1.504126,100,2.21,.2666,40.404,.2136,93.3673,.6792,24.67,5,13,18,11,9,15,12,15,6,8,7,6,11,4,2,3,1,5,3,8,11,13,3,5,14,7,6,6,3,2,1,3,3,5,9,0,8,8,5,9,8,7,8,2,5,1,0,3,2,0,0,1,6,9.27,8,-3,-2.897107,-2.436523,-.99171,-4.435609,-1.645806,-1.123464,.7176,.2455,36.3636,.2814,102.551,.7843,15.67,14,12,26,9,8,11,15,9,9,9,10,11,9,1,1,3,6,3,5,8,11,12,1,14,8,7,6,5,3,1,3,2,1,1,6,4,9,7,9,7,10,4,5,4,4,1,3,4,2,1,5,0,3,9.66,9,9,-3.371746,-3.794372,-2.426629,-3.232687,-2.034911,-2.36913,1
   51.00,2,2,2,2,8,1.4763,.3193,45.4545,.26,93.3673,.7692,20,11,12,23,7,13,7,11,14,10,6,12,9,11,1,2,4,2,4,7,8,10,12,1,11,7,9,8,6,4,1,3,0,1,1,5,8,6,10,6,11,9,4,3,6,0,3,3,3,1,2,3,0,5,9.91,8,8,-3.48207,-4.032585,-3.092913,-2.095839,-2.776897,-1.251879,.6318,.2357,35.3535,.1971,105.6122,.6667,28.33,10,2,12,9,8,11,13,9,10,10,8,13,9,3,2,3,3,7,8,8,8,2,4,10,8,8,9,4,8,3,2,0,3,1,2,7,4,13,6,13,5,7,5,6,1,3,2,1,2,1,3,1,4,9.79,8,-6,-2.632086,-3.609926,-3.593914,-2.160961,-3.291652,-.338699,100,.943,.2484,38.3838,.2394,117.8571,.4151,29.67,2,8,10,8,10,8,12,7,14,12,9,11,9,3,2,1,9,5,7,8,7,8,2,2,8,8,6,13,6,4,1,0,2,7,9,9,9,9,11,4,3,2,1,5,3,0,1,0,1,2,1,1,10,9.06,6.5,7,-3.04308,-1.550839,-.782051,-.734727,.707689,-.12383,.8871,.2615,38.3838,.2346,97.9592,.9796,18.4,16,14,30,10,11,10,10,13,11,11,6,7,11,3,3,1,1,4,7,7,6,14,2,16,9,10,5,5,3,2,0,2,2,3,4,7,9,10,3,2,3,7,8,8,5,5,3,0,1,3,1,2,4,9.71,10,6,-3.021019,-2.989845,-2.839078,-2.005094,-1.176942,-.700798,4
   52.00,2,1,2,1,12,.1789,.2841,41.4141,.2503,104.0816,.7037,12.57,7,14,21,11,11,10,10,8,10,9,10,11,10,1,4,4,4,1,6,10,9,14,0,7,11,9,4,3,3,3,5,2,0,1,0,4,5,10,12,7,9,7,8,6,6,4,3,4,1,2,0,0,1,9.7,9,7,-3.625575,-3.660759,-4.435808,-3.657957,-3.62333,-2.313607,.3933,.276,41.4141,.2272,108.6735,.5882,17.8,7,8,15,12,8,10,9,10,11,10,12,10,8,0,7,1,4,4,9,10,7,8,0,7,12,5,6,5,9,2,4,0,0,2,1,5,12,8,9,4,7,12,3,8,3,1,6,2,1,1,2,0,3,9.58,9,-5,-3.662286,-3.353827,-4.030856,-3.203552,-.751478,-1.533464,100,1.1016,.242,36.3636,.2055,110.2041,.5185,28.33,4,16,20,13,12,10,12,6,11,8,11,7,10,4,1,2,10,4,2,10,3,16,1,4,12,6,5,7,2,5,4,2,1,3,6,8,9,11,10,7,6,6,3,3,0,2,1,1,2,0,3,2,6,9.06,7,6,-3.415861,-3.10012,-2.275166,-1.526661,-.484185,.06359,1.2183,.289,43.4343,.2581,107.1429,.6182,19.4,6,17,23,9,11,11,11,8,11,5,14,11,9,0,4,4,3,8,4,5,8,17,1,6,10,5,10,2,5,5,1,2,1,0,5,1,7,4,7,9,11,11,9,7,3,4,4,2,1,0,1,2,1,9.99,9.5,-9,-3.430569,-4.154678,-2.87367,-4.523055,-2.878503,-3.7075,0
   53.00,2,1,2,2,16,.9069,.2261,35.3535,.2402,91.8367,1.102,16.67,12,13,25,9,9,13,10,11,12,6,10,12,8,1,4,3,0,5,8,8,7,13,0,12,10,7,7,7,4,2,2,0,0,0,1,5,3,3,16,8,8,18,7,4,3,2,1,4,3,0,2,0,2,9.92,10,10,-3.743101,-4.20317,-4.407588,-3.533743,-4.530079,-5.334617,.4803,.2863,42.4242,.2113,94.898,.9333,13.86,10,8,18,9,11,11,9,9,12,8,12,11,8,3,3,6,0,7,2,7,9,8,0,10,10,13,9,5,5,1,2,0,0,1,3,7,5,9,8,7,10,4,8,5,6,2,5,1,1,1,3,2,2,9.8,9,9,-3.676977,-3.733448,-3.403858,-2.329774,-2.96951,-1.874447,100,2.5134,.2909,43.4343,.2669,79.5918,1.16,27.33,12,18,30,5,10,11,10,12,11,5,16,13,7,0,1,2,5,5,5,7,7,18,0,12,9,13,5,6,4,1,0,0,0,4,6,9,7,12,7,6,2,8,9,0,4,5,2,1,2,1,0,1,4,9.36,7.5,6,-4.000741,-3.058117,-2.563583,-1.694332,-2.158586,.04148,.2619,.2781,40.404,.2358,101.0204,.766,15.67,13,8,21,9,10,10,11,10,11,9,12,10,8,0,5,3,2,4,7,9,9,8,0,13,9,7,10,7,4,1,2,0,0,0,4,6,8,4,13,5,9,5,10,6,1,3,7,2,1,0,1,1,4,9.82,9,7,-3.640258,-4.031956,-3.082364,-2.544651,-1.834704,-3.281737,0
