Index,C1a,C2a,C3a,C4a,C5a,C6a,C7a,C8a,C9a,C10a,C11a,C12a,C13a,C14a,C15a,C16a,C1b,C2b,C3b,C4b,C5b,C6b,C7b,C8b,C9b,C10b,C11b,C12b,C13b,C14b,C15b,C16b,Type,Condition
1,2,4,1,6,5,8,5,5,3,5,3,1,3,3,5,5,5,1,3,3,3,10,8,10,6,3,1,1,10,1,8,2,Slow,Coop
2,9,1,3,4,7,2,7,10,5,3,8,2,9,7,7,7,2,9,4,8,6,1,2,9,9,7,7,10,7,5,4,4,Slow,Coop
3,6,10,9,9,1,7,9,1,9,2,5,3,2,6,1,9,6,8,8,6,9,8,5,4,10,10,9,3,4,7,5,1,Slow,Coop
4,3,8,10,2,3,6,2,7,1,4,4,5,4,1,6,6,9,5,6,9,2,2,3,8,1,6,4,7,8,2,7,9,Slow,Coop
5,5,3,5,7,9,9,6,6,4,1,7,8,10,4,8,2,1,3,1,4,7,3,10,6,7,1,5,4,7,6,1,6,Slow,Coop
6,7,5,6,3,10,3,10,3,7,10,10,9,7,5,10,4,4,4,5,10,10,6,1,1,3,5,10,2,2,9,3,3,Slow,Coop
7,8,9,2,8,8,10,1,8,10,1,2,7,5,7,6,10,7,6,9,1,1,5,7,7,8,2,9,6,1,8,7,2,Slow,Coop
8,1,2,4,10,2,1,3,10,2,3,9,4,1,9,4,8,3,2,10,7,4,7,9,2,5,4,3,8,5,5,6,1,Slow,Coop
9,4,6,3,2,4,9,8,2,4,6,4,10,8,5,2,1,10,5,6,5,8,2,5,5,2,9,6,9,5,10,10,8,Slow,Coop
10,6,4,5,4,3,6,4,3,6,4,3,6,9,3,1,4,7,7,4,1,5,4,4,3,7,8,2,4,6,10,4,10,Slow,Coop
11,8,8,10,3,6,8,1,5,8,7,5,2,2,6,3,8,4,6,5,9,10,10,7,8,9,6,1,5,10,7,5,5,Slow,Coop
12,1,10,9,5,7,4,10,8,6,2,2,8,1,8,5,3,3,4,3,4,2,9,2,6,3,10,5,2,4,9,8,6,Slow,Coop
13,9,2,1,8,2,2,6,7,3,3,9,7,5,4,6,2,6,1,2,6,4,3,8,5,10,1,4,4,3,2,9,7,Slow,Coop
14,3,5,8,1,1,9,9,9,1,1,1,5,10,7,9,6,10,9,7,5,1,8,6,1,1,3,7,6,1,4,6,10,Slow,Coop
15,7,3,3,6,10,7,9,2,2,9,8,4,4,9,1,3,5,2,7,8,3,1,10,10,5,5,10,1,8,5,2,3,Slow,Coop
16,10,4,7,10,9,5,7,4,9,10,10,1,5,2,8,7,8,3,2,2,5,5,1,4,6,2,6,3,9,1,4,2,Slow,Coop
17,9,1,4,3,2,3,4,8,10,4,6,9,6,5,2,5,1,7,8,10,9,6,4,2,2,7,3,7,7,7,1,5,Slow,Coop
18,6,5,6,9,4,6,2,7,4,6,3,10,7,1,7,8,9,9,9,5,6,7,7,9,7,4,2,10,6,3,7,1,Slow,Coop
19,4,9,1,7,5,4,8,1,5,2,7,4,3,8,6,10,2,1,6,3,8,10,10,7,3,9,8,9,3,2,8,7,Slow,Coop
20,5,7,6,3,8,1,3,10,8,3,4,3,2,5,4,6,5,6,5,7,7,2,1,5,6,6,9,8,2,8,10,9,Slow,Coop
21,1,2,5,8,3,9,6,3,9,1,5,1,9,9,10,1,8,4,4,4,4,3,2,8,2,3,5,1,5,5,5,4,Slow,Coop
22,6,5,3,1,7,2,4,8,2,4,9,7,4,3,2,7,6,5,2,8,9,5,7,9,7,8,1,10,9,7,10,1,Slow,Coop
23,7,8,2,4,6,4,10,1,4,1,2,5,10,6,9,9,7,8,1,1,1,4,4,4,5,10,3,9,8,9,6,2,Slow,Coop
24,9,3,10,2,9,10,8,5,6,2,7,6,1,7,5,3,3,9,3,9,5,6,3,6,4,4,6,3,6,10,3,10,Slow,Coop
25,10,6,8,10,2,8,7,8,1,8,1,4,5,8,8,2,1,2,8,2,8,2,9,2,9,7,10,7,2,8,2,3,Slow,Coop
26,8,4,4,6,10,5,2,7,10,7,10,10,9,3,3,6,10,5,9,10,7,8,2,10,2,2,9,2,1,5,2,6,Slow,Coop
27,2,1,9,2,3,1,1,6,3,5,5,9,2,4,1,5,3,4,10,2,2,1,6,7,10,1,4,8,5,10,7,9,Slow,Coop
28,3,10,7,7,8,8,4,2,2,5,3,8,4,1,7,10,5,7,8,6,3,9,1,1,4,6,2,6,8,1,6,7,Slow,Coop
29,1,2,7,5,1,3,3,10,8,10,6,2,6,6,6,8,10,8,4,9,6,10,3,6,3,4,7,5,4,3,10,4,Slow,Coop
30,4,3,8,8,5,3,6,3,6,6,7,5,10,7,3,4,2,1,5,4,10,6,8,10,8,8,7,1,9,2,4,2,Slow,Coop
31,7,7,1,3,7,10,8,7,5,2,4,6,8,1,8,3,4,3,4,3,6,7,9,4,1,5,4,4,2,6,1,8,Slow,Coop
32,10,9,3,6,4,4,7,1,2,3,1,9,1,8,4,7,7,6,2,10,1,3,2,1,9,3,3,9,10,9,5,5,Slow,Coop
33,9,4,5,10,3,7,1,9,7,7,10,10,5,5,7,2,1,5,10,1,2,1,5,9,6,9,6,2,7,10,6,10,Slow,Coop
34,8,1,10,4,8,9,9,8,1,4,3,4,9,4,9,6,6,1,4,5,8,8,1,7,10,10,9,8,6,8,8,1,Slow,Coop
35,6,6,9,1,2,3,5,5,8,5,7,1,7,8,2,5,4,4,9,7,7,10,3,5,3,5,5,6,1,5,10,5,Slow,Coop
36,5,10,2,7,1,1,2,4,9,1,4,3,3,1,1,10,2,6,6,4,5,5,9,2,8,2,10,10,3,9,3,2,Slow,Coop
37,4,5,4,2,10,5,10,1,3,6,2,7,2,9,10,9,9,9,7,2,4,7,8,3,5,4,1,7,8,4,5,6,Slow,Coop
38,3,3,3,8,9,7,3,2,2,9,8,1,8,7,8,1,5,7,1,6,9,2,3,6,4,1,3,3,6,3,2,7,Slow,Coop
39,7,6,1,4,4,9,7,9,10,8,5,4,9,2,5,4,10,2,1,3,2,1,4,5,2,6,6,8,2,6,4,4,Slow,Coop
40,10,9,2,6,5,6,9,7,6,10,9,3,7,4,4,8,3,8,3,8,4,9,10,9,6,9,9,10,10,8,1,8,Slow,Coop
41,1,4,5,10,2,4,10,10,4,4,3,7,5,9,6,3,8,3,8,1,6,6,2,8,3,7,4,5,7,2,7,3,Slow,Coop
42,9,8,9,2,7,2,2,8,1,3,7,6,1,3,2,6,2,7,7,7,8,3,5,10,9,4,7,6,4,1,9,1,Slow,Coop
43,8,5,10,1,6,8,4,1,3,1,10,8,4,7,7,8,6,5,7,10,5,10,4,3,2,8,8,3,3,4,6,10,Slow,Coop
44,4,2,4,3,10,9,8,3,9,6,4,9,6,6,3,10,1,6,9,5,1,2,9,7,8,3,2,7,5,5,5,4,Slow,Coop
45,6,7,6,8,1,1,1,5,7,2,5,10,10,4,10,2,10,1,10,6,10,7,3,2,6,10,5,9,3,7,2,3,Slow,Coop
46,5,1,7,10,2,5,6,10,10,7,1,3,9,5,8,4,4,9,6,8,7,4,10,4,10,5,1,2,8,2,1,7,Slow,Coop
47,2,3,1,7,4,8,5,8,4,4,8,4,2,3,1,9,2,3,6,4,9,8,2,1,1,1,10,4,6,9,8,9,Slow,Coop
48,7,10,8,4,9,2,3,7,8,9,2,7,4,8,9,1,9,2,7,5,3,5,1,8,3,7,3,6,10,6,9,2,Slow,Coop
49,9,6,10,1,3,5,7,9,2,5,6,6,7,9,2,5,5,8,5,2,8,2,6,5,7,2,2,1,7,3,4,8,Slow,Coop
50,2,4,2,9,7,3,10,3,3,10,3,9,4,5,4,1,10,4,2,10,10,6,9,2,2,8,6,5,9,7,10,6,Slow,Coop
51,10,2,5,3,8,10,2,4,5,6,8,8,1,2,7,10,3,3,3,3,1,10,7,7,8,4,7,2,4,5,7,9,Slow,Coop
52,1,2,9,10,10,5,5,9,6,3,10,2,9,4,10,7,6,1,8,1,4,1,3,6,10,3,4,8,1,10,5,10,Slow,Coop
53,3,8,4,2,4,6,1,2,10,5,4,1,8,7,5,6,8,9,9,9,5,9,1,1,6,5,9,4,5,8,3,4,Slow,Coop
54,8,4,7,6,1,7,9,10,9,1,9,3,10,8,9,2,2,6,1,7,7,3,5,3,4,10,4,9,7,3,8,7,Slow,Coop
55,5,5,6,1,2,9,6,1,1,8,1,8,2,2,7,4,5,5,2,2,2,2,2,10,3,6,1,3,3,2,9,1,Slow,Coop
56,7,1,3,4,5,1,3,8,6,4,5,10,7,6,2,9,1,8,10,6,9,8,8,4,9,9,8,10,4,4,9,5,Slow,Coop
57,2,9,8,8,6,4,8,7,7,7,3,4,10,1,8,3,10,4,9,3,3,10,10,9,2,1,3,2,8,7,7,6,Slow,Coop
58,10,10,9,2,9,8,5,3,4,2,8,8,4,7,6,5,7,7,8,5,6,6,7,7,5,8,9,9,10,10,2,2,Slow,Coop
59,9,4,1,10,8,3,6,10,2,5,6,2,1,3,1,8,4,3,10,10,2,2,9,5,4,5,2,4,1,5,1,3,Slow,Coop
60,1,2,10,4,10,5,2,8,9,3,5,7,3,8,3,10,2,9,6,1,4,4,5,1,8,2,6,6,9,6,10,8,Slow,Coop
61,4,6,5,7,6,7,4,2,5,3,1,5,7,7,5,4,9,8,3,9,1,1,2,9,2,7,5,1,3,3,7,10,Slow,Coop
62,6,4,2,5,4,1,1,5,6,6,7,9,9,5,4,7,6,5,3,4,6,7,3,8,9,9,7,7,4,7,9,2,Slow,Coop
63,8,8,4,9,1,6,8,6,1,9,4,3,6,2,10,2,1,2,5,8,9,3,8,2,6,4,1,10,6,2,6,5,Slow,Coop
64,5,7,3,1,2,9,10,4,10,10,10,1,8,6,2,3,8,1,7,6,3,4,6,3,2,3,10,8,8,1,4,1,Slow,Coop
65,3,5,6,10,4,4,3,3,2,1,2,6,2,1,6,8,3,4,4,9,7,10,1,10,1,10,8,3,7,6,4,7,Slow,Coop
66,10,3,1,3,7,10,9,7,7,6,6,7,10,9,7,1,5,8,5,3,8,8,10,6,8,8,6,4,2,4,5,9,Slow,Coop
67,6,1,8,8,6,1,6,1,5,5,9,2,4,1,5,5,7,3,2,10,10,1,2,2,6,1,4,10,1,2,2,3,Slow,Coop
68,8,4,7,6,9,8,10,4,4,3,3,6,1,3,9,6,2,6,4,4,6,4,4,2,10,5,2,5,5,7,3,8,Slow,Coop
69,1,2,7,9,5,4,2,7,8,4,8,5,5,7,3,10,5,9,8,5,1,3,8,8,3,7,9,3,2,1,9,6,Slow,Coop
70,2,10,6,2,1,5,4,10,1,2,4,9,6,4,1,4,8,8,9,6,10,2,3,10,5,9,3,9,6,8,10,4,Slow,Coop
71,8,6,10,5,3,9,5,3,10,3,7,10,1,2,10,8,10,3,8,1,3,9,7,7,4,6,4,7,8,3,6,10,Slow,Coop
72,4,8,5,7,7,7,9,1,6,4,2,8,2,5,2,10,4,1,3,3,8,5,5,9,8,3,9,1,7,10,10,3,Slow,Coop
73,2,3,3,4,10,3,8,5,3,6,8,4,10,1,6,2,1,4,1,8,9,10,2,5,2,5,6,10,9,2,2,9,Slow,Coop
74,10,5,4,1,8,5,1,8,4,8,5,2,7,6,3,9,7,5,4,10,7,3,4,1,6,2,10,5,4,3,1,4,Slow,Coop
75,7,4,5,10,4,2,7,4,7,9,1,1,3,3,1,1,3,2,9,6,2,8,5,6,5,8,7,2,2,1,5,7,Slow,Coop
76,3,8,6,8,3,8,3,5,6,7,4,3,6,9,5,3,6,6,10,9,3,6,10,4,10,4,1,8,6,7,7,5,Slow,Coop
77,5,2,9,2,6,3,6,1,10,2,10,6,5,4,2,7,9,3,2,2,4,4,1,10,8,7,3,6,3,10,4,2,Slow,Coop
78,1,7,1,6,5,5,5,8,2,6,3,8,2,6,8,3,2,6,1,1,1,5,9,1,2,1,8,4,9,8,9,1,Slow,Coop
79,4,9,3,1,2,10,3,10,7,4,8,2,9,8,4,4,5,5,6,3,2,2,4,9,5,6,2,1,10,3,5,6,Slow,Coop
80,9,4,2,3,1,8,8,7,9,1,5,5,4,2,9,8,8,1,5,4,6,1,2,3,4,3,10,7,5,5,3,10,Slow,Coop
81,8,10,10,10,10,2,1,6,1,9,2,7,5,7,6,5,3,8,4,7,8,9,5,7,8,8,5,2,7,7,4,5,Slow,Coop
82,10,7,8,9,8,1,4,1,3,7,7,6,10,3,10,6,10,3,8,8,7,4,6,2,4,10,9,8,2,10,1,1,Slow,Coop
83,2,3,5,4,4,6,7,3,8,2,1,10,7,4,7,10,1,7,6,5,10,10,3,8,7,2,4,6,7,4,10,6,Slow,Coop
84,6,6,3,7,5,3,9,5,6,5,9,4,3,8,5,9,6,6,5,2,5,7,9,5,10,4,1,3,3,6,8,4,Slow,Coop
85,9,4,4,5,9,8,10,1,2,3,6,1,6,6,2,1,3,2,2,10,9,2,10,6,1,9,7,5,8,1,2,8,Slow,Coop
86,3,9,7,1,1,4,4,10,4,1,4,8,2,9,9,4,7,5,1,9,5,6,8,4,6,5,3,4,1,3,9,7,Slow,Coop
87,5,1,6,4,4,9,2,9,9,6,10,6,7,2,1,1,9,1,3,3,2,5,1,9,7,7,8,10,6,5,1,3,Slow,Coop
88,8,2,5,8,2,5,1,3,10,10,2,5,8,1,6,3,4,6,4,4,8,10,6,6,9,1,2,7,4,2,8,2,Slow,Coop
89,1,6,6,10,8,7,5,5,5,8,5,3,1,5,2,7,7,8,5,8,9,8,8,4,5,8,5,2,5,7,7,10,Slow,Coop
90,7,4,10,3,10,10,6,10,7,4,1,9,6,4,4,5,10,2,10,6,3,3,10,2,3,6,7,5,5,8,5,7,Slow,Coop
91,10,3,1,4,5,4,9,7,1,9,8,1,10,9,7,8,2,9,9,1,1,4,1,8,8,5,9,1,9,5,6,9,Slow,Coop
92,2,7,8,1,3,3,4,1,2,9,4,8,4,3,3,2,5,7,9,7,6,1,3,3,4,3,1,3,10,10,3,1,Slow,Coop
93,6,5,7,7,1,6,2,8,8,2,7,10,9,8,10,10,1,4,1,9,4,2,7,5,10,6,4,8,7,9,6,5,Slow,Coop
94,9,10,9,2,10,8,8,3,3,6,3,7,2,6,9,6,8,5,3,10,10,10,3,10,3,9,10,10,2,3,4,8,Slow,Coop
95,4,8,4,5,8,2,7,7,1,1,9,4,5,2,5,4,10,3,9,2,7,7,2,1,5,10,6,4,5,1,9,4,Slow,Coop
96,1,4,1,3,5,1,3,4,7,5,2,8,6,7,1,9,5,1,10,4,9,1,4,7,4,2,3,9,4,7,5,3,Slow,Coop
97,5,9,3,10,9,6,10,9,5,3,6,2,1,5,3,3,3,9,6,3,2,5,10,5,9,4,8,5,6,6,7,6,Slow,Coop
98,3,2,10,3,2,3,4,10,2,4,4,3,8,3,9,7,8,7,4,5,8,9,5,2,2,7,2,6,1,8,10,10,Slow,Coop
99,8,4,2,1,4,8,1,1,4,7,10,7,2,8,4,2,2,8,5,1,4,3,1,4,8,1,5,3,3,2,6,8,Slow,Coop
100,6,7,5,3,6,4,6,2,9,9,8,5,4,1,8,10,6,3,2,8,1,4,7,1,6,9,8,5,8,4,3,4,Slow,Coop
1,10,2,3,4,5,7,4,8,1,8,2,1,1,3,4,1,4,1,4,1,1,1,4,5,8,5,1,5,1,3,6,1,Fast,Coop
2,8,5,2,6,10,5,6,1,5,4,5,5,3,8,6,10,7,9,3,8,8,6,5,7,5,7,3,7,5,7,2,9,Fast,Coop
3,2,6,7,3,7,1,9,4,3,3,8,7,7,6,5,9,1,8,6,3,9,5,9,10,3,4,7,10,7,2,4,10,Fast,Coop
4,7,8,4,9,9,9,8,10,2,6,6,3,2,1,10,5,9,4,2,5,4,3,2,9,7,1,10,1,8,1,3,5,Fast,Coop
5,6,4,6,7,2,6,1,9,9,9,1,9,10,4,8,6,3,3,10,4,5,2,7,6,10,10,4,3,3,8,5,2,Fast,Coop
6,1,1,1,1,8,2,3,3,8,7,7,10,9,9,1,3,6,5,1,9,10,9,3,1,1,3,8,2,6,10,10,1,Fast,Coop
7,3,3,8,10,6,4,10,1,10,6,3,4,4,6,7,4,2,7,8,10,2,8,1,8,4,2,9,6,9,5,8,7,Fast,Coop
8,4,5,7,2,4,8,2,5,7,1,10,6,6,5,2,2,8,9,9,2,5,3,10,4,6,9,5,4,6,4,7,8,Fast,Coop
9,9,9,1,5,3,10,7,2,5,5,4,8,8,2,9,1,10,2,6,6,3,10,6,2,8,8,3,8,10,6,1,4,Fast,Coop
10,8,10,10,8,2,2,5,7,2,3,2,2,7,4,4,10,5,4,5,5,7,7,8,3,10,6,2,9,4,7,5,3,Fast,Coop
11,2,2,3,3,10,6,3,4,4,2,7,5,10,1,8,7,3,3,10,8,6,1,2,9,9,4,5,5,1,9,6,6,Fast,Coop
12,7,6,5,6,7,5,8,10,8,9,9,1,1,7,5,6,7,7,1,2,2,9,5,1,3,10,1,3,5,1,8,5,Fast,Coop
13,4,8,2,9,1,8,4,8,10,8,5,3,3,6,2,8,8,1,2,3,8,2,10,3,6,3,6,2,9,8,9,10,Fast,Coop
14,5,3,6,2,4,7,10,2,1,4,1,7,5,8,4,2,1,1,3,10,10,6,4,5,1,5,9,6,6,10,5,1,Fast,Coop
15,6,4,9,1,10,10,6,4,6,6,6,9,2,3,1,4,4,5,3,5,1,5,7,6,5,7,3,8,4,7,7,9,Fast,Coop
16,8,9,10,10,9,2,7,5,5,1,10,4,4,5,6,9,9,9,8,9,4,10,1,8,7,1,5,10,3,2,3,2,Fast,Coop
17,9,7,4,2,2,3,1,9,3,3,3,6,7,8,7,3,7,4,7,7,3,2,3,10,6,2,6,9,1,4,1,4,Fast,Coop
18,10,1,8,7,3,5,5,7,9,5,8,2,10,6,10,1,2,5,6,4,6,3,4,2,9,9,10,1,10,7,10,7,Fast,Coop
19,2,10,7,4,6,9,9,1,2,2,2,10,1,4,3,5,5,2,10,1,5,8,9,7,10,4,7,6,2,3,6,6,Fast,Coop
20,9,2,3,5,5,1,2,3,8,2,7,8,8,1,2,10,10,7,4,3,7,7,8,4,2,6,1,2,8,5,8,8,Fast,Coop
21,7,4,2,8,2,3,3,9,5,8,10,1,2,5,9,2,6,9,5,1,9,6,10,1,5,8,5,4,1,1,7,3,Fast,Coop
22,8,8,1,10,4,8,7,10,10,9,3,4,9,7,5,6,1,3,6,4,3,9,5,8,7,10,6,10,7,8,4,5,Fast,Coop
23,5,6,9,10,8,6,5,2,7,7,6,7,4,3,10,3,8,8,8,8,1,4,2,10,9,1,10,8,6,2,5,2,Fast,Coop
24,4,2,10,9,10,10,4,5,1,8,4,5,6,2,6,9,3,1,9,9,5,8,3,5,4,7,4,6,10,10,2,1,Fast,Coop
25,2,5,5,2,9,9,9,2,3,5,1,6,10,9,1,10,5,7,2,10,9,10,8,6,2,2,2,5,4,3,2,9,Fast,Coop
26,1,3,6,6,2,2,1,3,6,3,8,9,9,8,4,1,2,9,3,6,7,2,1,2,1,4,8,9,5,7,7,7,Fast,Coop
27,10,3,7,1,5,6,10,8,10,1,2,8,2,1,7,7,7,8,7,5,10,1,10,9,6,6,3,3,3,6,9,5,Fast,Coop
28,9,7,4,3,6,7,8,9,6,4,9,3,7,4,6,4,6,6,6,4,2,3,2,4,3,8,1,1,2,5,10,2,Fast,Coop
29,8,5,8,2,1,5,2,3,7,2,5,2,8,6,9,8,10,4,10,2,6,6,9,3,10,3,10,7,8,8,8,4,Fast,Coop
30,5,9,1,7,8,10,4,4,9,6,6,1,5,8,2,7,9,2,5,3,3,9,4,8,8,5,8,10,7,1,1,5,Fast,Coop
31,4,1,9,8,2,8,1,1,5,3,9,10,3,9,10,9,8,5,4,6,4,2,3,4,2,9,5,5,1,4,5,10,Fast,Coop
32,3,2,5,5,3,1,8,10,1,4,7,3,1,1,8,6,3,3,7,5,9,8,2,6,5,7,7,7,7,2,4,9,Fast,Coop
33,6,10,7,2,4,4,10,7,3,9,8,5,10,3,4,4,1,1,2,10,10,3,8,2,1,2,4,3,4,9,6,7,Fast,Coop
34,7,5,8,10,10,8,5,6,8,7,2,4,9,5,3,5,4,9,3,9,2,5,5,5,6,4,2,1,5,10,3,1,Fast,Coop
35,2,4,4,6,7,9,7,2,2,10,1,6,6,2,1,1,9,5,1,4,4,7,3,9,3,6,6,4,2,2,2,4,Fast,Coop
36,1,6,3,2,5,6,2,10,6,8,4,8,7,8,5,3,3,7,8,1,3,10,1,10,7,10,3,8,10,7,5,2,Fast,Coop
37,5,7,6,4,2,7,6,8,8,4,10,9,9,6,7,10,5,3,7,8,7,1,2,7,5,8,9,2,6,3,9,8,Fast,Coop
38,4,9,9,1,6,3,9,9,9,2,3,1,4,7,6,2,7,4,8,3,6,8,10,1,6,1,5,6,6,1,10,6,Fast,Coop
39,3,2,2,7,3,5,3,7,1,10,9,10,5,4,3,8,1,1,6,4,5,6,9,3,1,3,1,9,5,8,1,3,Fast,Coop
40,6,3,3,9,1,10,8,1,7,6,6,2,3,2,9,9,2,1,10,6,1,10,4,9,10,5,3,3,1,4,1,1,Fast,Coop
41,8,1,5,3,9,8,7,3,10,1,7,1,5,8,2,5,8,9,5,8,8,9,7,5,3,7,7,4,4,6,5,4,Fast,Coop
42,10,10,7,8,7,1,10,2,3,3,4,5,1,9,1,1,6,7,7,5,9,2,6,2,9,10,6,2,8,5,2,10,Fast,Coop
43,1,5,6,4,5,2,5,5,2,7,5,7,2,3,5,4,4,6,4,10,10,3,10,4,4,9,10,7,7,2,9,9,Fast,Coop
44,9,4,1,3,6,6,1,7,4,5,2,3,3,5,10,6,10,3,3,1,2,7,1,8,6,6,5,6,9,3,3,2,Fast,Coop
45,5,3,10,6,3,5,4,8,5,2,8,8,10,2,8,7,1,2,2,9,7,5,4,6,2,2,2,1,6,10,8,7,Fast,Coop
46,2,2,8,8,5,9,9,6,9,4,6,10,7,8,4,3,8,4,5,6,6,8,2,10,10,4,4,8,10,7,8,5,Fast,Coop
47,7,7,4,10,4,3,6,10,8,10,10,9,9,7,9,5,6,5,6,3,1,10,3,7,8,3,9,10,8,1,5,6,Fast,Coop
48,6,8,2,1,10,8,2,1,1,9,1,4,5,6,7,10,4,9,10,2,10,1,6,4,1,1,3,5,5,4,2,8,Fast,Coop
49,1,6,3,5,8,7,3,3,7,5,9,2,1,4,6,2,2,1,7,6,9,6,9,6,5,7,1,3,4,8,1,3,Fast,Coop
50,4,4,9,2,1,2,8,5,5,1,5,5,2,5,2,9,10,3,1,5,5,7,10,9,3,6,8,2,3,2,9,1,Fast,Coop
51,5,10,6,6,6,9,4,10,6,2,3,6,6,1,1,8,8,7,4,10,6,2,2,2,9,9,7,9,1,5,6,4,Fast,Coop
52,3,5,8,9,4,1,1,9,4,6,6,8,3,4,5,6,4,8,6,1,3,5,8,8,6,5,10,1,5,6,4,10,Fast,Coop
53,9,1,10,2,7,10,9,8,10,6,1,9,9,8,6,1,6,2,8,4,2,8,3,1,1,8,5,4,2,7,7,5,Fast,Coop
54,7,3,2,4,5,5,6,1,3,10,7,2,7,5,8,7,3,4,10,3,8,9,6,3,10,10,3,10,8,4,6,3,Fast,Coop
55,10,8,6,2,3,6,10,3,2,4,2,1,4,3,10,2,5,3,5,2,9,3,7,7,6,4,6,7,10,2,8,6,Fast,Coop
56,1,9,1,1,10,4,5,2,1,3,9,4,8,4,4,5,9,8,4,9,1,1,1,10,7,9,4,5,9,1,10,9,Fast,Coop
57,4,6,5,10,1,3,2,10,9,8,10,3,2,6,3,10,7,9,3,7,10,6,5,5,2,3,10,8,6,3,4,7,Fast,Coop
58,2,4,10,1,9,2,3,8,8,9,7,10,6,8,7,6,1,1,6,5,5,8,2,2,1,1,2,6,4,8,3,8,Fast,Coop
59,6,5,2,7,7,8,5,5,6,7,5,2,4,5,1,3,6,5,7,1,6,10,9,8,5,5,1,1,7,5,2,4,Fast,Coop
60,8,1,5,2,3,8,1,6,7,2,4,8,3,2,6,9,3,6,9,9,4,5,5,9,7,7,8,3,1,6,4,1,Fast,Coop
61,3,6,1,5,4,9,7,10,10,5,8,9,1,1,5,2,10,3,1,7,7,2,6,7,3,4,9,9,2,10,6,3,Fast,Coop
62,5,3,4,8,1,10,9,7,5,10,1,6,5,3,8,4,2,8,3,2,9,9,8,10,9,6,6,7,5,7,8,10,Fast,Coop
63,7,2,8,6,9,7,10,4,2,1,3,7,9,5,2,1,4,6,8,4,10,1,2,6,10,2,8,8,3,2,7,7,Fast,Coop
64,9,10,10,10,8,4,8,3,4,4,2,5,1,6,9,7,7,8,10,5,1,8,3,4,1,4,3,2,6,9,9,4,Fast,Coop
65,8,8,6,9,10,1,6,10,3,3,9,2,3,8,4,6,3,2,9,3,3,7,9,2,4,9,2,4,8,6,5,2,Fast,Coop
66,2,2,9,3,5,6,2,9,6,7,8,10,7,6,10,8,5,7,4,6,2,5,10,5,3,8,1,10,9,4,10,8,Fast,Coop
67,6,5,4,1,6,5,2,7,9,6,10,3,2,5,3,5,9,9,6,10,6,6,1,3,6,10,5,6,6,3,6,5,Fast,Coop
68,1,8,5,6,2,9,4,1,10,4,7,3,8,2,2,10,1,8,6,7,8,3,4,7,5,1,10,2,4,7,8,6,Fast,Coop
69,5,4,5,2,4,10,8,4,1,5,6,2,4,1,5,3,8,4,5,5,5,2,2,1,9,5,4,5,10,9,7,1,Fast,Coop
70,10,3,2,8,10,2,5,5,7,10,3,4,3,3,9,1,3,3,4,3,9,4,8,9,2,7,3,7,3,10,5,3,Fast,Coop
71,8,7,1,1,5,5,9,8,2,9,1,1,9,5,4,2,5,5,3,1,3,8,3,6,4,4,7,4,7,8,2,9,Fast,Coop
72,2,1,3,4,7,6,10,1,3,1,4,7,10,6,6,9,2,6,9,4,10,10,7,5,1,3,2,10,2,2,4,10,Fast,Coop
73,3,5,9,8,8,4,6,9,4,7,2,9,6,8,5,2,9,9,10,2,4,4,4,10,10,10,5,9,1,4,1,2,Fast,Coop
74,6,2,4,3,9,3,7,2,8,2,8,8,2,7,7,7,8,1,10,6,5,3,6,8,8,8,9,6,8,5,10,1,Fast,Coop
75,7,6,5,10,9,8,1,3,1,4,10,5,7,3,2,1,6,3,1,10,7,7,9,4,5,9,1,8,5,6,1,5,Fast,Coop
76,9,10,8,7,7,9,3,5,3,3,5,6,5,2,1,6,3,2,2,8,2,6,7,2,9,1,10,3,4,1,5,9,Fast,Coop
77,10,9,7,2,5,5,4,7,2,6,7,5,3,6,4,4,10,8,2,3,9,2,1,3,2,6,3,1,8,3,2,7,Fast,Coop
78,1,3,10,9,10,1,9,10,5,10,3,2,2,4,10,3,1,6,3,1,4,10,2,4,7,4,7,5,10,5,4,8,Fast,Coop
79,5,4,2,6,1,9,10,9,9,10,4,1,8,9,3,5,7,5,8,2,10,4,5,8,4,2,8,3,9,6,9,6,Fast,Coop
80,4,1,9,3,2,8,8,5,7,4,1,8,4,8,7,9,4,7,4,5,1,5,10,10,6,7,10,10,2,8,7,3,Fast,Coop
81,2,6,3,1,10,5,7,4,6,5,2,9,1,7,2,10,5,8,5,8,6,9,4,7,9,5,6,6,3,2,4,4,Fast,Coop
82,6,8,5,2,6,7,6,7,4,2,9,7,7,3,8,2,2,4,6,9,3,2,7,1,3,10,4,8,5,10,3,10,Fast,Coop
83,8,2,1,5,4,3,1,6,10,7,6,10,9,9,5,8,8,3,2,4,5,8,6,5,10,1,1,9,1,5,6,5,Fast,Coop
84,7,4,4,8,9,1,5,8,8,1,5,6,6,6,6,10,10,8,1,7,8,1,10,6,1,9,3,2,4,4,9,2,Fast,Coop
85,9,7,8,10,8,6,4,1,9,8,3,3,1,4,9,1,3,5,8,10,9,6,2,9,5,8,10,4,6,8,4,4,Fast,Coop
86,2,5,7,1,5,7,2,3,6,5,1,8,3,3,1,5,5,6,9,8,10,4,1,2,7,3,8,7,3,1,3,1,Fast,Coop
87,6,9,3,3,10,9,6,4,7,3,2,9,9,5,2,6,6,2,3,5,2,2,3,1,6,6,5,1,7,3,1,9,Fast,Coop
88,8,1,5,6,4,8,8,7,3,2,8,5,2,7,10,3,2,1,2,3,4,8,7,7,8,1,2,5,8,5,5,8,Fast,Coop
89,3,5,1,2,1,1,7,9,2,8,9,6,1,6,5,8,7,3,4,4,3,10,6,3,10,7,4,10,9,4,4,6,Fast,Coop
90,10,2,10,5,3,3,2,2,4,4,10,4,3,1,8,2,4,8,6,7,7,9,10,5,3,10,9,2,4,8,8,7,Fast,Coop
91,1,7,9,7,7,5,3,3,1,6,5,2,5,3,3,4,1,9,5,1,6,7,9,9,1,4,1,4,7,9,7,3,Fast,Coop
92,5,8,2,6,6,8,1,1,8,2,4,1,10,8,7,10,10,6,3,5,1,2,3,6,5,5,7,6,8,6,9,10,Fast,Coop
93,4,4,5,3,9,10,5,10,10,7,2,3,9,7,4,7,3,4,9,3,10,3,4,4,8,9,1,3,2,2,7,8,Fast,Coop
94,9,9,7,10,10,9,10,8,6,3,8,10,4,6,5,9,6,5,8,9,5,9,6,10,6,2,9,9,3,7,5,4,Fast,Coop
95,3,6,6,2,8,1,9,7,7,5,6,7,2,1,9,4,8,2,5,2,3,10,2,8,3,8,6,7,5,1,1,5,Fast,Coop
96,7,4,3,4,4,4,3,3,5,9,3,3,6,4,2,6,2,8,7,5,8,10,5,2,7,5,5,8,1,1,6,2,Fast,Coop
97,2,10,1,7,1,7,4,4,9,7,1,4,3,8,10,5,4,3,9,1,6,9,3,9,10,7,3,2,10,3,3,3,Fast,Coop
98,1,3,9,5,5,5,7,10,2,8,8,6,5,6,3,3,5,1,1,8,2,7,9,7,4,1,4,5,2,8,1,9,Fast,Coop
99,9,1,8,8,7,2,6,9,1,2,2,10,7,2,4,8,3,9,10,2,10,1,7,3,6,4,1,4,9,7,2,7,Fast,Coop
100,5,7,4,1,2,6,9,1,3,4,7,8,2,5,10,10,9,4,1,9,1,3,8,1,5,10,10,10,8,2,9,2,Fast,Coop
1,5,3,3,6,5,3,1,3,3,4,6,1,3,3,3,1,5,3,3,6,5,3,1,3,3,4,6,1,3,3,3,1,Pair,Coop
2,9,7,4,5,1,10,5,8,6,7,1,3,8,2,8,5,9,7,4,5,1,10,5,8,6,7,1,3,8,2,8,5,Pair,Coop
3,3,10,9,3,3,7,2,9,5,5,5,5,9,8,5,8,3,10,9,3,3,7,2,9,5,5,5,5,9,8,5,8,Pair,Coop
4,7,1,7,1,8,8,4,2,9,9,9,7,10,7,4,9,7,1,7,1,8,8,4,2,9,9,9,7,10,7,4,9,Pair,Coop
5,2,5,5,8,10,5,6,4,1,8,3,9,1,4,1,2,2,5,5,8,10,5,6,4,1,8,3,9,1,4,1,2,Pair,Coop
6,1,4,6,7,7,1,3,1,8,1,10,2,5,10,2,1,1,4,6,7,7,1,3,1,8,1,10,2,5,10,2,1,Pair,Coop
7,10,2,1,2,6,9,8,10,2,3,8,6,2,9,10,4,10,2,1,2,6,9,8,10,2,3,8,6,2,9,10,4,Pair,Coop
8,1,8,4,10,2,8,10,7,6,10,7,4,4,5,1,6,1,8,4,10,2,8,10,7,6,10,7,4,4,5,1,6,Pair,Coop
9,4,9,10,4,4,7,9,5,10,6,4,8,7,8,9,7,4,9,10,4,4,7,9,5,10,6,4,8,7,8,9,7,Pair,Coop
10,7,6,3,3,9,10,4,9,5,2,1,10,1,1,7,3,7,6,3,3,9,10,4,9,5,2,1,10,1,1,7,3,Pair,Coop
11,1,7,2,7,10,1,2,8,4,5,5,3,8,6,4,9,1,7,2,7,10,1,2,8,4,5,5,3,8,6,4,9,Pair,Coop
12,9,3,2,6,3,2,5,6,8,9,6,5,10,2,8,X(0),9,3,2,6,3,2,5,6,8,9,6,5,10,2,8,X(0),Pair,Coop
13,2,5,5,9,4,6,3,4,2,4,2,9,2,4,2,10,2,5,5,9,4,6,3,4,2,4,2,9,2,4,2,10,Pair,Coop
14,6,2,7,8,1,5,8,3,3,8,9,2,5,7,5,8,6,2,7,8,1,5,8,3,3,8,9,2,5,7,5,8,Pair,Coop
15,8,10,8,4,6,9,6,2,4,1,7,7,4,8,7,7,8,10,8,4,6,9,6,2,4,1,7,7,4,8,7,7,Pair,Coop
16,7,9,9,2,7,3,7,1,8,3,10,1,8,10,3,5,7,9,9,2,7,3,7,1,8,3,10,1,8,10,3,5,Pair,Coop
17,6,4,4,5,9,7,5,8,10,3,3,4,3,6,9,2,6,4,4,5,9,7,5,8,10,3,3,4,3,6,9,2,Pair,Coop
18,10,5,10,1,2,6,10,10,6,7,1,10,7,4,1,3,10,5,10,1,2,6,10,10,6,7,1,10,7,4,1,3,Pair,Coop
19,4,6,1,3,8,4,1,7,1,4,8,6,9,5,4,4,4,6,1,3,8,4,1,7,1,4,8,6,9,5,4,4,Pair,Coop
20,1,1,10,10,6,10,8,9,4,8,2,8,7,2,7,9,1,1,10,10,6,10,8,9,4,8,2,8,7,2,7,9,Pair,Coop
21,5,8,3,8,3,9,9,6,5,10,6,3,3,4,2,1,5,8,3,8,3,9,9,6,5,10,6,3,3,4,2,1,Pair,Coop
22,8,7,5,7,5,2,2,4,3,6,10,7,1,1,10,6,8,7,5,7,5,2,2,4,3,6,10,7,1,1,10,6,Pair,Coop
23,3,2,7,4,10,5,3,10,9,9,9,5,5,8,9,3,3,2,7,4,10,5,3,10,9,9,9,5,5,8,9,3,Pair,Coop
24,4,5,6,5,2,8,4,2,7,2,2,9,2,5,6,7,4,5,6,5,2,8,4,2,7,2,2,9,2,5,6,7,Pair,Coop
25,2,6,2,6,4,6,5,1,6,5,1,1,10,7,1,4,2,6,2,6,4,6,5,1,6,5,1,1,10,7,1,4,Pair,Coop
26,9,10,6,1,9,7,1,3,4,1,4,10,4,10,4,8,9,10,6,1,9,7,1,3,4,1,4,10,4,10,4,8,Pair,Coop
27,8,3,8,4,2,2,6,8,8,3,3,8,7,1,6,2,8,3,8,4,2,2,6,8,8,3,3,8,7,1,6,2,Pair,Coop
28,4,4,7,3,7,1,9,5,7,8,5,4,8,4,3,5,4,4,7,3,7,1,9,5,7,8,5,4,8,4,3,5,Pair,Coop
29,9,1,3,8,1,3,7,4,10,4,8,6,6,2,5,1,9,1,3,8,1,3,7,4,10,4,8,6,6,2,5,1,Pair,Coop
30,7,8,2,9,3,9,10,7,1,7,10,2,1,8,2,3,7,8,2,9,3,9,10,7,1,7,10,2,1,8,2,3,Pair,Coop
31,10,2,10,6,6,5,5,10,3,6,4,5,2,10,8,2,10,2,10,6,6,5,5,10,3,6,4,5,2,10,8,2,Pair,Coop
32,3,6,1,10,5,10,5,1,8,3,3,9,5,3,7,10,3,6,1,10,5,10,5,1,8,3,3,9,5,3,7,10,Pair,Coop
33,2,4,5,4,9,7,4,9,9,8,5,1,9,6,3,7,2,4,5,4,9,7,4,9,9,8,5,1,9,6,3,7,Pair,Coop
34,5,5,9,2,6,2,1,6,6,2,8,7,3,2,10,8,5,5,9,2,6,2,1,6,6,2,8,7,3,2,10,8,Pair,Coop
35,6,8,7,5,1,5,3,8,4,9,6,3,5,4,5,4,6,8,7,5,1,5,3,8,4,9,6,3,5,4,5,4,Pair,Coop
36,10,10,4,7,1,8,8,2,5,1,2,8,10,1,1,2,10,10,4,7,1,8,8,2,5,1,2,8,10,1,1,2,Pair,Coop
37,7,2,8,4,4,10,2,3,2,10,7,4,1,8,6,5,7,2,8,4,4,10,2,3,2,10,7,4,1,8,6,5,Pair,Coop
38,2,1,6,8,3,4,7,4,7,5,1,10,6,5,3,1,2,1,6,8,3,4,7,4,7,5,1,10,6,5,3,1,Pair,Coop
39,9,9,2,9,5,1,9,1,10,4,3,2,2,6,2,8,9,9,2,9,5,1,9,1,10,4,3,2,2,6,2,8,Pair,Coop
40,8,6,8,1,10,1,10,9,5,9,9,6,4,9,8,10,8,6,8,1,10,1,10,9,5,9,9,6,4,9,8,10,Pair,Coop
41,2,4,1,5,2,6,3,7,3,7,10,7,7,10,9,9,2,4,1,5,2,6,3,7,3,7,10,7,7,10,9,9,Pair,Coop
42,7,3,2,4,8,10,1,10,6,3,5,8,3,2,7,6,7,3,2,4,8,10,1,10,6,3,5,8,3,2,7,6,Pair,Coop
43,1,5,3,6,9,8,6,6,1,1,3,9,6,7,4,3,1,5,3,6,9,8,6,6,1,1,3,9,6,7,4,3,Pair,Coop
44,3,8,2,8,3,2,7,5,8,6,9,5,1,5,5,4,3,8,2,8,3,2,7,5,8,6,9,5,1,5,5,4,Pair,Coop
45,2,2,9,4,2,3,9,4,2,5,8,10,9,1,10,2,2,2,9,4,2,3,9,4,2,5,8,10,9,1,10,2,Pair,Coop
46,6,9,8,10,4,5,2,1,7,8,6,6,8,3,2,5,6,9,8,10,4,5,2,1,7,8,6,6,8,3,2,5,Pair,Coop
47,5,10,7,3,6,9,8,8,6,3,5,4,2,7,8,7,5,10,7,3,6,9,8,8,6,3,5,4,2,7,8,7,Pair,Coop
48,9,4,9,1,8,2,4,7,3,2,4,1,7,4,1,1,9,4,9,1,8,2,4,7,3,2,4,1,7,4,1,1,Pair,Coop
49,8,6,10,3,10,1,10,10,10,4,7,2,4,8,6,5,8,6,10,3,10,1,10,10,10,4,7,2,4,8,6,5,Pair,Coop
50,10,1,4,6,5,3,3,3,9,10,2,3,1,5,7,6,10,1,4,6,5,3,3,3,9,10,2,3,1,5,7,6,Pair,Coop
51,10,3,1,4,1,8,5,5,6,6,9,4,6,4,4,2,10,3,1,4,1,8,5,5,6,6,9,4,6,4,4,2,Pair,Coop
52,3,7,5,5,9,7,7,2,4,1,6,1,10,6,2,9,3,7,5,5,9,7,7,2,4,1,6,1,10,6,2,9,Pair,Coop
53,2,2,3,10,2,4,6,7,3,2,5,2,8,8,5,4,2,2,3,10,2,4,6,7,3,2,5,2,8,8,5,4,Pair,Coop
54,7,8,4,8,7,10,8,9,6,9,1,5,9,3,10,10,7,8,4,8,7,10,8,9,6,9,1,5,9,3,10,10,Pair,Coop
55,1,5,2,4,4,8,4,6,8,5,10,3,5,7,1,3,1,5,2,4,4,8,4,6,8,5,10,3,5,7,1,3,Pair,Coop
56,4,10,9,9,10,1,2,8,2,7,3,10,1,4,4,1,4,10,9,9,10,1,2,8,2,7,3,10,1,4,4,1,Pair,Coop
57,6,4,7,3,8,5,1,1,4,3,4,8,3,6,8,8,6,4,7,3,8,5,1,1,4,3,4,8,3,6,8,8,Pair,Coop
58,8,6,6,2,1,7,3,4,3,1,7,7,6,2,9,5,8,6,6,2,1,7,3,4,3,1,7,7,6,2,9,5,Pair,Coop
59,5,7,5,5,6,4,9,3,1,7,1,9,2,1,3,4,5,7,5,5,6,4,9,3,1,7,1,9,2,1,3,4,Pair,Coop
60,7,3,10,1,4,3,7,2,8,6,8,6,7,3,6,6,7,3,10,1,4,3,7,2,8,6,8,6,7,3,6,6,Pair,Coop
61,7,9,1,4,7,7,10,7,10,10,4,4,10,10,1,2,7,9,1,4,7,7,10,7,10,10,4,4,10,10,1,2,Pair,Coop
62,1,1,7,10,8,6,6,5,5,2,5,10,5,7,2,3,1,1,7,10,8,6,6,5,5,2,5,10,5,7,2,3,Pair,Coop
63,2,6,3,6,2,5,5,7,8,8,3,8,1,3,5,1,2,6,3,6,2,5,5,7,8,8,3,8,1,3,5,1,Pair,Coop
64,10,1,1,7,4,8,8,3,4,4,6,9,4,8,3,8,10,1,1,7,4,8,8,3,4,4,6,9,4,8,3,8,Pair,Coop
65,9,4,2,9,9,10,4,8,7,9,8,7,9,7,7,9,9,4,2,9,9,10,4,8,7,9,8,7,9,7,7,9,Pair,Coop
66,5,5,8,8,10,9,3,1,2,1,2,5,1,2,8,7,5,5,8,8,10,9,3,1,2,1,2,5,1,2,8,7,Pair,Coop
67,6,3,9,5,3,1,1,10,5,3,10,3,8,8,1,5,6,3,9,5,3,1,1,10,5,3,10,3,8,8,1,5,Pair,Coop
68,4,10,2,3,6,4,4,9,3,10,3,6,3,3,9,6,4,10,2,3,6,4,4,9,3,10,3,6,3,3,9,6,Pair,Coop
69,2,2,10,4,5,3,2,3,9,1,6,1,6,10,5,2,2,2,10,4,5,3,2,3,9,1,6,1,6,10,5,2,Pair,Coop
70,7,1,5,1,8,2,7,2,6,7,1,3,7,5,3,3,7,1,5,1,8,2,7,2,6,7,1,3,7,5,3,3,Pair,Coop
71,1,8,1,3,2,8,3,4,4,4,5,5,2,4,10,1,1,8,1,3,2,8,3,4,4,4,5,5,2,4,10,1,Pair,Coop
72,8,5,6,9,4,10,6,6,5,6,10,9,10,1,2,10,8,5,6,9,4,10,6,6,5,6,10,9,10,1,2,10,Pair,Coop
73,3,6,3,4,1,5,9,10,10,5,3,7,4,7,4,8,3,6,3,4,1,5,9,10,10,5,3,7,4,7,4,8,Pair,Coop
74,10,3,10,5,9,1,10,5,3,8,9,10,6,3,6,4,10,3,10,5,9,1,10,5,3,8,9,10,6,3,6,4,Pair,Coop
75,8,9,8,8,6,4,8,7,2,3,4,8,8,6,8,10,8,9,8,8,6,4,8,7,2,3,4,8,8,6,8,10,Pair,Coop
76,1,7,7,7,8,6,3,3,7,2,7,6,1,8,5,9,1,7,7,7,8,6,3,3,7,2,7,6,1,8,5,9,Pair,Coop
77,10,2,2,4,5,8,7,8,1,7,8,2,5,10,9,2,10,2,2,4,5,8,7,8,1,7,8,2,5,10,9,2,Pair,Coop
78,6,8,4,1,10,7,5,4,3,10,5,3,7,9,2,5,6,8,4,1,10,7,5,4,3,10,5,3,7,9,2,5,Pair,Coop
79,5,4,1,3,9,5,3,5,6,9,1,4,4,3,7,3,5,4,1,3,9,5,3,5,6,9,1,4,4,3,7,3,Pair,Coop
80,2,10,3,10,1,1,1,6,1,6,3,7,2,4,1,1,2,10,3,10,1,1,1,6,1,6,3,7,2,4,1,1,Pair,Coop
81,4,1,9,8,4,6,2,2,9,3,6,5,9,8,4,7,4,1,9,8,4,6,2,2,9,3,6,5,9,8,4,7,Pair,Coop
82,9,5,4,9,5,10,7,1,4,1,9,10,1,5,10,4,9,5,4,9,5,10,7,1,4,1,9,10,1,5,10,4,Pair,Coop
83,7,4,10,6,2,7,4,7,7,4,10,6,3,10,3,5,7,4,10,6,2,7,4,7,7,4,10,6,3,10,3,5,Pair,Coop
84,3,3,3,5,7,3,6,1,2,8,7,9,10,1,4,6,3,3,3,5,7,3,6,1,2,8,7,9,10,1,4,6,Pair,Coop
85,2,7,5,6,1,4,5,8,2,8,4,8,4,2,8,9,2,7,5,6,1,4,5,8,2,8,4,8,4,2,8,9,Pair,Coop
86,7,8,4,3,6,1,10,4,5,2,5,2,6,7,7,3,7,8,4,3,6,1,10,4,5,2,5,2,6,7,7,3,Pair,Coop
87,8,6,1,2,10,9,7,1,1,3,1,4,6,4,9,8,8,6,1,2,10,9,7,1,1,3,1,4,6,4,9,8,Pair,Coop
88,4,9,8,7,4,2,8,3,3,7,2,1,5,5,2,10,4,9,8,7,4,2,8,3,3,7,2,1,5,5,2,10,Pair,Coop
89,1,3,2,8,9,5,2,8,10,5,8,2,2,6,10,1,1,3,2,8,9,5,2,8,10,5,8,2,2,6,10,1,Pair,Coop
90,10,10,7,5,2,1,4,6,6,10,4,3,3,3,2,7,10,10,7,5,2,1,4,6,6,10,4,3,3,3,2,7,Pair,Coop
91,6,8,3,3,3,8,1,4,3,4,1,1,1,1,1,4,6,8,3,3,3,8,1,4,3,4,1,1,1,1,1,4,Pair,Coop
92,8,4,6,6,8,4,3,9,4,1,10,5,8,9,5,6,8,4,6,6,8,4,3,9,4,1,10,5,8,9,5,6,Pair,Coop
93,9,6,4,9,5,5,5,10,5,6,9,4,5,5,8,8,9,6,4,9,5,5,5,10,5,6,9,4,5,5,8,8,Pair,Coop
94,3,1,5,10,10,7,2,2,8,4,5,9,4,2,6,2,3,1,5,10,10,7,2,2,8,4,5,9,4,2,6,2,Pair,Coop
95,1,4,7,7,2,8,6,8,9,2,6,8,7,7,9,4,1,4,7,7,2,8,6,8,9,2,6,8,7,7,9,4,Pair,Coop
96,6,8,9,1,4,10,7,6,2,7,4,10,10,8,7,5,6,8,9,1,4,10,7,6,2,7,4,10,10,8,7,5,Pair,Coop
97,10,10,2,5,7,2,8,6,10,9,8,7,2,10,3,3,10,10,2,5,7,2,8,6,10,9,8,7,2,10,3,3,Pair,Coop
98,5,7,10,4,1,6,6,4,4,5,7,6,9,2,1,9,5,7,10,4,1,6,6,4,4,5,7,6,9,2,1,9,Pair,Coop
99,4,2,1,8,10,3,9,8,6,8,2,5,6,3,10,1,4,2,1,8,10,3,9,8,6,8,2,5,6,3,10,1,Pair,Coop
100,10,5,8,3,4,4,3,3,8,4,10,4,4,7,2,8,10,5,8,3,4,4,3,3,8,4,10,4,4,7,2,8,Pair,Coop
101,2,4,6,7,2,9,10,10,1,2,5,1,7,6,5,10,2,4,6,7,2,9,10,10,1,2,5,1,7,6,5,10,Pair,Coop
102,7,6,9,8,5,5,4,2,3,10,8,7,1,3,4,5,7,6,9,8,5,5,4,2,3,10,8,7,1,3,4,5,Pair,Coop
103,9,7,5,4,6,2,3,8,10,6,6,9,8,8,3,9,9,7,5,4,6,2,3,8,10,6,6,9,8,8,3,9,Pair,Coop
104,4,3,10,9,8,1,9,9,4,7,1,8,5,4,5,1,4,3,10,9,8,1,9,9,4,7,1,8,5,4,5,1,Pair,Coop
105,8,1,2,3,3,10,1,7,7,5,4,10,3,9,7,4,8,1,2,3,3,10,1,7,7,5,4,10,3,9,7,4,Pair,Coop
106,3,9,1,2,7,7,3,5,8,1,10,6,6,1,8,6,3,9,1,2,7,7,3,5,8,1,10,6,6,1,8,6,Pair,Coop
107,2,8,3,5,10,2,6,6,6,3,5,5,2,8,1,7,2,8,3,5,10,2,6,6,6,3,5,5,2,8,1,7,Pair,Coop
108,10,10,9,1,1,3,8,4,2,8,9,3,7,7,1,2,10,10,9,1,1,3,8,4,2,8,9,3,7,7,1,2,Pair,Coop
109,1,3,5,4,9,4,7,1,4,9,7,4,1,1,10,8,1,3,5,4,9,4,7,1,4,9,7,4,1,1,10,8,Pair,Coop
110,6,4,8,10,3,6,5,3,7,2,3,1,4,5,2,5,6,4,8,10,3,6,5,3,7,2,3,1,4,5,2,5,Pair,Coop
111,9,5,2,8,5,1,3,10,1,6,6,7,8,10,5,6,9,5,2,8,5,1,3,10,1,6,6,7,8,10,5,6,Pair,Coop
112,5,6,7,3,9,5,4,7,8,4,2,2,10,3,9,9,5,6,7,3,9,5,4,7,8,4,2,2,10,3,9,9,Pair,Coop
113,4,2,10,5,4,10,2,1,2,5,1,8,2,5,7,10,4,2,10,5,4,10,2,1,2,5,1,8,2,5,7,10,Pair,Coop
114,7,1,6,6,2,2,9,9,10,8,9,5,10,4,8,3,7,1,6,6,2,2,9,9,10,8,9,5,10,4,8,3,Pair,Coop
115,7,4,2,8,1,8,1,3,4,10,8,10,1,7,3,1,7,4,2,8,1,8,1,3,4,10,8,10,1,7,3,1,Pair,Coop
116,3,7,3,7,7,4,8,8,3,3,6,6,5,2,6,7,3,7,3,7,7,4,8,8,3,3,6,6,5,2,6,7,Pair,Coop
117,4,9,4,9,6,7,7,7,9,2,8,3,6,1,2,2,4,9,4,9,6,7,7,7,9,2,8,3,6,1,2,2,Pair,Coop
118,9,10,2,1,10,3,2,5,7,7,5,9,4,8,4,4,9,10,2,1,10,3,2,5,7,7,5,9,4,8,4,4,Pair,Coop
119,8,6,7,5,9,6,6,9,6,6,10,5,8,9,10,5,8,6,7,5,9,6,6,9,6,6,10,5,8,9,10,5,Pair,Coop
120,10,4,5,3,4,1,3,10,10,1,1,7,7,2,3,6,10,4,5,3,4,1,3,10,10,1,1,7,7,2,3,6,Pair,Coop
121,6,8,9,8,5,9,10,2,3,9,3,8,4,10,1,2,6,8,9,8,5,9,10,2,3,9,3,8,4,10,1,2,Pair,Coop
122,2,1,10,5,1,10,8,10,2,5,6,1,3,5,5,10,2,1,10,5,1,10,8,10,2,5,6,1,3,5,5,10,Pair,Coop
123,3,3,2,4,3,2,9,4,10,2,2,9,6,3,2,1,3,3,2,4,3,2,9,4,10,2,2,9,6,3,2,1,Pair,Coop
124,7,2,6,10,8,3,1,3,7,10,7,3,1,10,6,9,7,2,6,10,8,3,1,3,7,10,7,3,1,10,6,9,Pair,Coop
125,1,8,3,8,7,6,5,10,1,4,6,2,7,8,8,7,1,8,3,8,7,6,5,10,1,4,6,2,7,8,8,7,Pair,Coop
126,3,9,2,6,9,7,7,1,5,8,4,4,8,3,2,3,3,9,2,6,9,7,7,1,5,8,4,4,8,3,2,3,Pair,Coop
127,2,3,5,4,4,5,6,8,4,8,10,10,2,4,9,8,2,3,5,4,4,5,6,8,4,8,10,10,2,4,9,8,Pair,Coop
128,5,10,3,3,2,4,4,4,8,7,2,6,4,7,3,2,5,10,3,3,2,4,4,4,8,7,2,6,4,7,3,2,Pair,Coop
129,6,1,9,5,10,7,3,7,7,3,9,5,5,9,5,6,6,1,9,5,10,7,3,7,7,3,9,5,5,9,5,6,Pair,Coop
130,10,5,8,2,4,2,7,9,2,1,1,8,3,6,1,7,10,5,8,2,4,2,7,9,2,1,1,8,3,6,1,7,Pair,Coop
131,7,4,7,8,5,10,2,10,5,6,7,7,8,10,7,4,7,4,7,8,5,10,2,10,5,6,7,7,8,10,7,4,Pair,Coop
132,8,6,10,1,10,9,8,6,7,9,10,2,10,2,8,5,8,6,10,1,10,9,8,6,7,9,10,2,10,2,8,5,Pair,Coop
133,9,2,1,9,7,8,4,1,6,5,3,9,1,7,10,3,9,2,1,9,7,8,4,1,6,5,3,9,1,7,10,3,Pair,Coop
134,3,3,1,8,6,1,9,5,3,3,5,3,9,5,2,9,3,3,1,8,6,1,9,5,3,3,5,3,9,5,2,9,Pair,Coop
135,4,9,7,10,1,2,6,7,9,10,2,4,4,9,4,1,4,9,7,10,1,2,6,7,9,10,2,4,4,9,4,1,Pair,Coop
136,1,7,4,6,5,3,3,2,2,1,6,7,6,3,1,2,1,7,4,6,5,3,3,2,2,1,6,7,6,3,1,2,Pair,Coop
137,5,10,5,4,3,10,10,3,1,4,8,9,3,6,8,8,5,10,5,4,3,10,10,3,1,4,8,9,3,6,8,8,Pair,Coop
138,9,8,4,5,8,8,4,4,8,7,5,5,7,1,4,10,9,8,4,5,8,8,4,4,8,7,5,5,7,1,4,10,Pair,Coop
139,2,5,9,2,2,5,1,1,7,5,9,6,5,10,7,6,2,5,9,2,2,5,1,1,7,5,9,6,5,10,7,6,Pair,Coop
140,6,1,3,3,9,4,8,10,5,8,3,8,1,5,7,1,6,1,3,3,9,4,8,10,5,8,3,8,1,5,7,1,Pair,Coop
141,8,2,1,8,4,6,1,8,6,1,4,3,6,1,5,5,8,2,1,8,4,6,1,8,6,1,4,3,6,1,5,5,Pair,Coop
142,4,7,9,4,1,1,2,9,7,4,1,10,8,7,3,7,4,7,9,4,1,1,2,9,7,4,1,10,8,7,3,7,Pair,Coop
143,9,8,2,5,7,8,3,5,10,9,8,2,2,3,6,3,9,8,2,5,7,8,3,5,10,9,8,2,2,3,6,3,Pair,Coop
144,7,10,6,9,10,3,4,7,2,6,6,4,3,10,2,9,7,10,6,9,10,3,4,7,2,6,6,4,3,10,2,9,Pair,Coop
145,1,4,10,7,8,9,6,6,4,3,2,1,5,8,8,2,1,4,10,7,8,9,6,6,4,3,2,1,5,8,8,2,Pair,Coop
146,5,6,7,1,6,2,9,4,8,5,9,3,7,5,7,4,5,6,7,1,6,2,9,4,8,5,9,3,7,5,7,4,Pair,Coop
147,3,3,3,4,5,4,5,1,5,8,1,5,9,4,9,8,3,3,3,4,5,4,5,1,5,8,1,5,9,4,9,8,Pair,Coop
148,10,1,5,10,2,3,1,6,3,2,7,2,10,2,10,10,10,1,5,10,2,3,1,6,3,2,7,2,10,2,10,10,Pair,Coop
149,9,10,4,8,4,5,10,2,1,10,10,7,5,6,3,7,9,10,4,8,4,5,10,2,1,10,10,7,5,6,3,7,Pair,Coop
150,2,1,4,5,1,6,2,8,6,1,4,6,4,8,6,1,2,1,4,5,1,6,2,8,6,1,4,6,4,8,6,1,Pair,Coop
151,7,6,7,3,9,9,7,7,9,6,9,10,2,10,4,5,7,6,7,3,9,9,7,7,9,6,9,10,2,10,4,5,Pair,Coop
152,6,2,8,2,3,7,8,5,2,7,3,9,3,4,5,3,6,2,8,2,3,7,8,5,2,7,3,9,3,4,5,3,Pair,Coop
153,7,10,9,6,6,1,4,6,10,4,8,8,6,2,9,6,7,10,9,6,6,1,4,6,10,4,8,8,6,2,9,6,Pair,Coop
154,8,3,7,9,5,10,3,10,3,9,1,1,8,8,1,2,8,3,7,9,5,10,3,10,3,9,1,1,8,8,1,2,Pair,Coop
155,5,8,1,4,10,2,1,2,6,3,5,3,1,9,10,8,5,8,1,4,10,2,1,2,6,3,5,3,1,9,10,8,Pair,Coop
156,2,5,6,7,7,1,10,1,8,5,6,5,7,5,7,9,2,5,6,7,7,1,10,1,8,5,6,5,7,5,7,9,Pair,Coop
157,4,3,5,3,6,8,2,5,4,8,9,9,3,10,2,7,4,3,5,3,6,8,2,5,4,8,9,9,3,10,2,7,Pair,Coop
158,1,9,5,6,2,3,5,3,3,2,2,4,2,3,3,4,1,9,5,6,2,3,5,3,3,2,2,4,2,3,3,4,Pair,Coop
159,3,1,4,8,5,7,7,8,6,1,6,7,4,6,5,3,3,1,4,8,5,7,7,8,6,1,6,7,4,6,5,3,Pair,Coop
160,9,10,1,2,4,4,6,9,7,4,4,6,10,2,4,8,9,10,1,2,4,4,6,9,7,4,4,6,10,2,4,8,Pair,Coop
161,6,2,10,10,3,2,8,1,9,5,8,10,8,8,6,10,6,2,10,10,3,2,8,1,9,5,8,10,8,8,6,10,Pair,Coop
162,10,6,1,3,8,6,4,4,2,7,3,2,1,10,8,6,10,6,1,3,8,6,4,4,2,7,3,2,1,10,8,6,Pair,Coop
163,4,8,9,1,1,5,6,3,10,2,4,8,2,3,7,1,4,8,9,1,1,5,6,3,10,2,4,8,2,3,7,1,Pair,Coop
164,2,9,3,10,9,10,3,10,5,6,9,6,6,1,9,3,2,9,3,10,9,10,3,10,5,6,9,6,6,1,9,3,Pair,Coop
165,1,7,7,5,2,3,2,8,1,10,7,5,9,10,2,4,1,7,7,5,2,3,2,8,1,10,7,5,9,10,2,4,Pair,Coop
166,7,2,2,7,10,2,5,5,3,4,2,2,5,7,1,9,7,2,2,7,10,2,5,5,3,4,2,2,5,7,1,9,Pair,Coop
167,5,3,6,2,7,5,6,1,4,3,10,1,7,4,10,5,5,3,6,2,7,5,6,1,4,3,10,1,7,4,10,5,Pair,Coop
168,8,1,1,5,3,7,9,4,6,1,6,3,10,5,5,7,8,1,1,5,3,7,9,4,6,1,6,3,10,5,5,7,Pair,Coop
169,10,4,8,8,6,1,10,7,9,9,1,6,3,7,6,6,10,4,8,8,6,1,10,7,9,9,1,6,3,7,6,6,Pair,Coop
170,1,9,6,6,4,8,8,6,3,7,4,5,8,2,3,2,1,9,6,6,4,8,8,6,3,7,4,5,8,2,3,2,Pair,Coop
171,9,5,2,4,5,2,7,9,7,2,8,8,5,6,7,8,9,5,2,4,5,2,7,9,7,2,8,8,5,6,7,8,Pair,Coop
172,3,10,9,9,8,9,2,8,6,4,3,6,1,8,6,10,3,10,9,9,8,9,2,8,6,4,3,6,1,8,6,10,Pair,Coop
173,7,2,8,3,10,3,1,1,2,10,6,9,6,9,10,9,7,2,8,3,10,3,1,1,2,10,6,9,6,9,10,9,Pair,Coop
174,6,6,2,1,1,1,3,10,9,8,1,10,6,10,6,1,6,6,2,1,1,1,3,10,9,8,1,10,6,10,6,1,Pair,Coop
175,2,8,5,5,3,5,4,3,1,4,5,5,8,4,9,4,2,8,5,5,3,5,4,3,1,4,5,5,8,4,9,4,Pair,Coop
176,10,3,3,2,2,4,5,8,6,9,10,7,3,1,1,7,10,3,3,2,2,4,5,8,6,9,10,7,3,1,1,7,Pair,Coop
177,5,7,9,6,4,9,6,4,5,6,4,8,2,8,2,5,5,7,9,6,4,9,6,4,5,6,4,8,2,8,2,5,Pair,Coop
178,8,4,4,4,8,6,2,9,10,1,7,1,10,3,5,3,8,4,4,4,8,6,2,9,10,1,7,1,10,3,5,3,Pair,Coop
179,6,1,1,8,5,4,9,10,8,3,8,2,7,10,7,6,6,1,1,8,5,4,9,10,8,3,8,2,7,10,7,6,Pair,Coop
180,4,9,9,7,9,10,10,5,4,5,3,4,8,7,7,2,4,9,9,7,9,10,10,5,4,5,3,4,8,7,7,2,Pair,Coop
181,3,10,2,9,7,3,8,7,2,10,9,3,5,5,3,3,3,10,2,9,7,3,8,7,2,10,9,3,5,5,3,3,Pair,Coop
182,7,8,8,3,10,8,1,6,5,7,1,10,1,4,4,8,7,8,8,3,10,8,1,6,5,7,1,10,1,4,4,8,Pair,Coop
183,1,6,10,6,2,1,5,1,6,4,4,5,6,3,10,1,1,6,10,6,2,1,5,1,6,4,4,5,6,3,10,1,Pair,Coop
184,9,2,10,10,8,2,4,4,10,6,8,7,8,8,8,4,9,2,10,10,8,2,4,4,10,6,8,7,8,8,8,4,Pair,Coop
185,7,3,7,4,1,5,3,8,8,3,2,9,9,1,9,10,7,3,7,4,1,5,3,8,8,3,2,9,9,1,9,10,Pair,Coop
186,8,5,2,2,3,4,9,2,1,2,10,6,2,6,2,5,8,5,2,2,3,4,9,2,1,2,10,6,2,6,2,5,Pair,Coop
187,2,2,8,8,7,7,10,1,4,6,7,4,1,10,5,9,2,2,8,8,7,7,10,1,4,6,7,4,1,10,5,9,Pair,Coop
188,10,6,1,6,4,10,6,7,7,10,2,3,4,3,10,6,10,6,1,6,4,10,6,7,7,10,2,3,4,3,10,6,Pair,Coop
189,1,8,9,10,8,9,8,10,3,1,5,10,10,8,4,4,1,8,9,10,8,9,8,10,3,1,5,10,10,8,4,4,Pair,Coop
190,4,1,3,7,5,8,4,4,5,8,3,6,3,7,6,1,4,1,3,7,5,8,4,4,5,8,3,6,3,7,6,1,Pair,Coop
191,6,4,2,4,1,5,7,8,2,3,1,2,7,4,2,3,6,4,2,4,1,5,7,8,2,3,1,2,7,4,2,3,Pair,Coop
192,2,10,2,5,2,2,9,3,7,9,10,5,3,9,2,8,2,10,2,5,2,2,9,3,7,9,10,5,3,9,2,8,Pair,Coop
193,7,5,3,3,7,3,2,1,4,6,8,1,6,3,7,7,7,5,3,3,7,3,2,1,4,6,8,1,6,3,7,7,Pair,Coop
194,5,9,5,9,9,1,1,9,8,7,4,4,10,10,1,2,5,9,5,9,9,1,1,9,8,7,4,4,10,10,1,2,Pair,Coop
195,9,2,4,4,10,8,3,2,9,2,7,8,2,8,9,9,9,2,4,4,10,8,3,2,9,2,7,8,2,8,9,9,Pair,Coop
196,8,6,8,2,5,10,5,6,6,4,3,3,9,8,10,10,8,6,8,2,5,10,5,6,6,4,3,3,9,8,10,10,Pair,Coop
197,10,4,10,8,7,6,4,8,1,5,9,2,4,1,3,8,10,4,10,8,7,6,4,8,1,5,9,2,4,1,3,8,Pair,Coop
198,4,7,9,1,6,4,2,7,3,1,1,6,3,7,6,3,4,7,9,1,6,4,2,7,3,1,1,6,3,7,6,3,Pair,Coop
199,5,6,2,5,3,1,6,2,10,9,3,1,8,4,5,2,5,6,2,5,3,1,6,2,10,9,3,1,8,4,5,2,Pair,Coop
200,7,1,6,10,9,2,9,4,2,3,10,9,2,5,3,1,7,1,6,10,9,2,9,4,2,3,10,9,2,5,3,1,Pair,Coop
201,,,,,,,,,,,,,,,,5,,,,,,,,,,,,,,,,5,Pair,Coop
